"Geslacht";"Leeftijd";"Burgerlijke staat";"Perioden";"Bevolking (aantal)"
"Totaal mannen en vrouwen";"0 jaar";"Totaal burgerlijke staat";"2019";168443
"Totaal mannen en vrouwen";"0 jaar";"Ongehuwd";"2019";168443
"Totaal mannen en vrouwen";"0 jaar";"Gehuwd";"2019";
"Totaal mannen en vrouwen";"0 jaar";"Verweduwd";"2019";
"Totaal mannen en vrouwen";"0 jaar";"Gescheiden";"2019";
"Totaal mannen en vrouwen";"1 jaar";"Totaal burgerlijke staat";"2019";170816
"Totaal mannen en vrouwen";"1 jaar";"Ongehuwd";"2019";170816
"Totaal mannen en vrouwen";"1 jaar";"Gehuwd";"2019";
"Totaal mannen en vrouwen";"1 jaar";"Verweduwd";"2019";
"Totaal mannen en vrouwen";"1 jaar";"Gescheiden";"2019";
"Totaal mannen en vrouwen";"2 jaar";"Totaal burgerlijke staat";"2019";174256
"Totaal mannen en vrouwen";"2 jaar";"Ongehuwd";"2019";174256
"Totaal mannen en vrouwen";"2 jaar";"Gehuwd";"2019";
"Totaal mannen en vrouwen";"2 jaar";"Verweduwd";"2019";
"Totaal mannen en vrouwen";"2 jaar";"Gescheiden";"2019";
"Totaal mannen en vrouwen";"3 jaar";"Totaal burgerlijke staat";"2019";173722
"Totaal mannen en vrouwen";"3 jaar";"Ongehuwd";"2019";173722
"Totaal mannen en vrouwen";"3 jaar";"Gehuwd";"2019";
"Totaal mannen en vrouwen";"3 jaar";"Verweduwd";"2019";
"Totaal mannen en vrouwen";"3 jaar";"Gescheiden";"2019";
"Totaal mannen en vrouwen";"4 jaar";"Totaal burgerlijke staat";"2019";178825
"Totaal mannen en vrouwen";"4 jaar";"Ongehuwd";"2019";178825
"Totaal mannen en vrouwen";"4 jaar";"Gehuwd";"2019";
"Totaal mannen en vrouwen";"4 jaar";"Verweduwd";"2019";
"Totaal mannen en vrouwen";"4 jaar";"Gescheiden";"2019";
"Totaal mannen en vrouwen";"5 jaar";"Totaal burgerlijke staat";"2019";175210
"Totaal mannen en vrouwen";"5 jaar";"Ongehuwd";"2019";175210
"Totaal mannen en vrouwen";"5 jaar";"Gehuwd";"2019";
"Totaal mannen en vrouwen";"5 jaar";"Verweduwd";"2019";
"Totaal mannen en vrouwen";"5 jaar";"Gescheiden";"2019";
"Totaal mannen en vrouwen";"6 jaar";"Totaal burgerlijke staat";"2019";180043
"Totaal mannen en vrouwen";"6 jaar";"Ongehuwd";"2019";180043
"Totaal mannen en vrouwen";"6 jaar";"Gehuwd";"2019";
"Totaal mannen en vrouwen";"6 jaar";"Verweduwd";"2019";
"Totaal mannen en vrouwen";"6 jaar";"Gescheiden";"2019";
"Totaal mannen en vrouwen";"7 jaar";"Totaal burgerlijke staat";"2019";183815
"Totaal mannen en vrouwen";"7 jaar";"Ongehuwd";"2019";183815
"Totaal mannen en vrouwen";"7 jaar";"Gehuwd";"2019";
"Totaal mannen en vrouwen";"7 jaar";"Verweduwd";"2019";
"Totaal mannen en vrouwen";"7 jaar";"Gescheiden";"2019";
"Totaal mannen en vrouwen";"8 jaar";"Totaal burgerlijke staat";"2019";188854
"Totaal mannen en vrouwen";"8 jaar";"Ongehuwd";"2019";188854
"Totaal mannen en vrouwen";"8 jaar";"Gehuwd";"2019";
"Totaal mannen en vrouwen";"8 jaar";"Verweduwd";"2019";
"Totaal mannen en vrouwen";"8 jaar";"Gescheiden";"2019";
"Totaal mannen en vrouwen";"9 jaar";"Totaal burgerlijke staat";"2019";189520
"Totaal mannen en vrouwen";"9 jaar";"Ongehuwd";"2019";189520
"Totaal mannen en vrouwen";"9 jaar";"Gehuwd";"2019";
"Totaal mannen en vrouwen";"9 jaar";"Verweduwd";"2019";
"Totaal mannen en vrouwen";"9 jaar";"Gescheiden";"2019";
"Totaal mannen en vrouwen";"10 jaar";"Totaal burgerlijke staat";"2019";190090
"Totaal mannen en vrouwen";"10 jaar";"Ongehuwd";"2019";190090
"Totaal mannen en vrouwen";"10 jaar";"Gehuwd";"2019";
"Totaal mannen en vrouwen";"10 jaar";"Verweduwd";"2019";
"Totaal mannen en vrouwen";"10 jaar";"Gescheiden";"2019";
"Totaal mannen en vrouwen";"11 jaar";"Totaal burgerlijke staat";"2019";186613
"Totaal mannen en vrouwen";"11 jaar";"Ongehuwd";"2019";186613
"Totaal mannen en vrouwen";"11 jaar";"Gehuwd";"2019";
"Totaal mannen en vrouwen";"11 jaar";"Verweduwd";"2019";
"Totaal mannen en vrouwen";"11 jaar";"Gescheiden";"2019";
"Totaal mannen en vrouwen";"12 jaar";"Totaal burgerlijke staat";"2019";190026
"Totaal mannen en vrouwen";"12 jaar";"Ongehuwd";"2019";190026
"Totaal mannen en vrouwen";"12 jaar";"Gehuwd";"2019";
"Totaal mannen en vrouwen";"12 jaar";"Verweduwd";"2019";
"Totaal mannen en vrouwen";"12 jaar";"Gescheiden";"2019";
"Totaal mannen en vrouwen";"13 jaar";"Totaal burgerlijke staat";"2019";191909
"Totaal mannen en vrouwen";"13 jaar";"Ongehuwd";"2019";191909
"Totaal mannen en vrouwen";"13 jaar";"Gehuwd";"2019";
"Totaal mannen en vrouwen";"13 jaar";"Verweduwd";"2019";
"Totaal mannen en vrouwen";"13 jaar";"Gescheiden";"2019";
"Totaal mannen en vrouwen";"14 jaar";"Totaal burgerlijke staat";"2019";197677
"Totaal mannen en vrouwen";"14 jaar";"Ongehuwd";"2019";197677
"Totaal mannen en vrouwen";"14 jaar";"Gehuwd";"2019";
"Totaal mannen en vrouwen";"14 jaar";"Verweduwd";"2019";
"Totaal mannen en vrouwen";"14 jaar";"Gescheiden";"2019";
"Totaal mannen en vrouwen";"15 jaar";"Totaal burgerlijke staat";"2019";204306
"Totaal mannen en vrouwen";"15 jaar";"Ongehuwd";"2019";204306
"Totaal mannen en vrouwen";"15 jaar";"Gehuwd";"2019";0
"Totaal mannen en vrouwen";"15 jaar";"Verweduwd";"2019";0
"Totaal mannen en vrouwen";"15 jaar";"Gescheiden";"2019";0
"Totaal mannen en vrouwen";"16 jaar";"Totaal burgerlijke staat";"2019";205638
"Totaal mannen en vrouwen";"16 jaar";"Ongehuwd";"2019";205638
"Totaal mannen en vrouwen";"16 jaar";"Gehuwd";"2019";0
"Totaal mannen en vrouwen";"16 jaar";"Verweduwd";"2019";0
"Totaal mannen en vrouwen";"16 jaar";"Gescheiden";"2019";0
"Totaal mannen en vrouwen";"17 jaar";"Totaal burgerlijke staat";"2019";207992
"Totaal mannen en vrouwen";"17 jaar";"Ongehuwd";"2019";207992
"Totaal mannen en vrouwen";"17 jaar";"Gehuwd";"2019";0
"Totaal mannen en vrouwen";"17 jaar";"Verweduwd";"2019";0
"Totaal mannen en vrouwen";"17 jaar";"Gescheiden";"2019";0
"Totaal mannen en vrouwen";"18 jaar";"Totaal burgerlijke staat";"2019";216614
"Totaal mannen en vrouwen";"18 jaar";"Ongehuwd";"2019";216502
"Totaal mannen en vrouwen";"18 jaar";"Gehuwd";"2019";110
"Totaal mannen en vrouwen";"18 jaar";"Verweduwd";"2019";0
"Totaal mannen en vrouwen";"18 jaar";"Gescheiden";"2019";2
"Totaal mannen en vrouwen";"19 jaar";"Totaal burgerlijke staat";"2019";217469
"Totaal mannen en vrouwen";"19 jaar";"Ongehuwd";"2019";217017
"Totaal mannen en vrouwen";"19 jaar";"Gehuwd";"2019";444
"Totaal mannen en vrouwen";"19 jaar";"Verweduwd";"2019";0
"Totaal mannen en vrouwen";"19 jaar";"Gescheiden";"2019";8
"Totaal mannen en vrouwen";"20 jaar";"Totaal burgerlijke staat";"2019";218315
"Totaal mannen en vrouwen";"20 jaar";"Ongehuwd";"2019";217074
"Totaal mannen en vrouwen";"20 jaar";"Gehuwd";"2019";1196
"Totaal mannen en vrouwen";"20 jaar";"Verweduwd";"2019";3
"Totaal mannen en vrouwen";"20 jaar";"Gescheiden";"2019";42
"Totaal mannen en vrouwen";"21 jaar";"Totaal burgerlijke staat";"2019";212979
"Totaal mannen en vrouwen";"21 jaar";"Ongehuwd";"2019";210219
"Totaal mannen en vrouwen";"21 jaar";"Gehuwd";"2019";2672
"Totaal mannen en vrouwen";"21 jaar";"Verweduwd";"2019";4
"Totaal mannen en vrouwen";"21 jaar";"Gescheiden";"2019";84
"Totaal mannen en vrouwen";"22 jaar";"Totaal burgerlijke staat";"2019";212854
"Totaal mannen en vrouwen";"22 jaar";"Ongehuwd";"2019";207417
"Totaal mannen en vrouwen";"22 jaar";"Gehuwd";"2019";5256
"Totaal mannen en vrouwen";"22 jaar";"Verweduwd";"2019";6
"Totaal mannen en vrouwen";"22 jaar";"Gescheiden";"2019";175
"Totaal mannen en vrouwen";"23 jaar";"Totaal burgerlijke staat";"2019";214501
"Totaal mannen en vrouwen";"23 jaar";"Ongehuwd";"2019";205301
"Totaal mannen en vrouwen";"23 jaar";"Gehuwd";"2019";8838
"Totaal mannen en vrouwen";"23 jaar";"Verweduwd";"2019";6
"Totaal mannen en vrouwen";"23 jaar";"Gescheiden";"2019";356
"Totaal mannen en vrouwen";"24 jaar";"Totaal burgerlijke staat";"2019";221276
"Totaal mannen en vrouwen";"24 jaar";"Ongehuwd";"2019";206659
"Totaal mannen en vrouwen";"24 jaar";"Gehuwd";"2019";13973
"Totaal mannen en vrouwen";"24 jaar";"Verweduwd";"2019";15
"Totaal mannen en vrouwen";"24 jaar";"Gescheiden";"2019";629
"Totaal mannen en vrouwen";"25 jaar";"Totaal burgerlijke staat";"2019";221595
"Totaal mannen en vrouwen";"25 jaar";"Ongehuwd";"2019";200345
"Totaal mannen en vrouwen";"25 jaar";"Gehuwd";"2019";20265
"Totaal mannen en vrouwen";"25 jaar";"Verweduwd";"2019";24
"Totaal mannen en vrouwen";"25 jaar";"Gescheiden";"2019";961
"Totaal mannen en vrouwen";"26 jaar";"Totaal burgerlijke staat";"2019";224138
"Totaal mannen en vrouwen";"26 jaar";"Ongehuwd";"2019";194835
"Totaal mannen en vrouwen";"26 jaar";"Gehuwd";"2019";27783
"Totaal mannen en vrouwen";"26 jaar";"Verweduwd";"2019";32
"Totaal mannen en vrouwen";"26 jaar";"Gescheiden";"2019";1488
"Totaal mannen en vrouwen";"27 jaar";"Totaal burgerlijke staat";"2019";227080
"Totaal mannen en vrouwen";"27 jaar";"Ongehuwd";"2019";187756
"Totaal mannen en vrouwen";"27 jaar";"Gehuwd";"2019";37093
"Totaal mannen en vrouwen";"27 jaar";"Verweduwd";"2019";36
"Totaal mannen en vrouwen";"27 jaar";"Gescheiden";"2019";2195
"Totaal mannen en vrouwen";"28 jaar";"Totaal burgerlijke staat";"2019";228156
"Totaal mannen en vrouwen";"28 jaar";"Ongehuwd";"2019";177641
"Totaal mannen en vrouwen";"28 jaar";"Gehuwd";"2019";47447
"Totaal mannen en vrouwen";"28 jaar";"Verweduwd";"2019";49
"Totaal mannen en vrouwen";"28 jaar";"Gescheiden";"2019";3019
"Totaal mannen en vrouwen";"29 jaar";"Totaal burgerlijke staat";"2019";220894
"Totaal mannen en vrouwen";"29 jaar";"Ongehuwd";"2019";160595
"Totaal mannen en vrouwen";"29 jaar";"Gehuwd";"2019";56366
"Totaal mannen en vrouwen";"29 jaar";"Verweduwd";"2019";55
"Totaal mannen en vrouwen";"29 jaar";"Gescheiden";"2019";3878
"Totaal mannen en vrouwen";"30 jaar";"Totaal burgerlijke staat";"2019";218629
"Totaal mannen en vrouwen";"30 jaar";"Ongehuwd";"2019";148570
"Totaal mannen en vrouwen";"30 jaar";"Gehuwd";"2019";65192
"Totaal mannen en vrouwen";"30 jaar";"Verweduwd";"2019";88
"Totaal mannen en vrouwen";"30 jaar";"Gescheiden";"2019";4779
"Totaal mannen en vrouwen";"31 jaar";"Totaal burgerlijke staat";"2019";218397
"Totaal mannen en vrouwen";"31 jaar";"Ongehuwd";"2019";138229
"Totaal mannen en vrouwen";"31 jaar";"Gehuwd";"2019";74093
"Totaal mannen en vrouwen";"31 jaar";"Verweduwd";"2019";107
"Totaal mannen en vrouwen";"31 jaar";"Gescheiden";"2019";5968
"Totaal mannen en vrouwen";"32 jaar";"Totaal burgerlijke staat";"2019";217522
"Totaal mannen en vrouwen";"32 jaar";"Ongehuwd";"2019";128060
"Totaal mannen en vrouwen";"32 jaar";"Gehuwd";"2019";82126
"Totaal mannen en vrouwen";"32 jaar";"Verweduwd";"2019";153
"Totaal mannen en vrouwen";"32 jaar";"Gescheiden";"2019";7183
"Totaal mannen en vrouwen";"33 jaar";"Totaal burgerlijke staat";"2019";212882
"Totaal mannen en vrouwen";"33 jaar";"Ongehuwd";"2019";117903
"Totaal mannen en vrouwen";"33 jaar";"Gehuwd";"2019";86374
"Totaal mannen en vrouwen";"33 jaar";"Verweduwd";"2019";176
"Totaal mannen en vrouwen";"33 jaar";"Gescheiden";"2019";8429
"Totaal mannen en vrouwen";"34 jaar";"Totaal burgerlijke staat";"2019";209476
"Totaal mannen en vrouwen";"34 jaar";"Ongehuwd";"2019";109245
"Totaal mannen en vrouwen";"34 jaar";"Gehuwd";"2019";90537
"Totaal mannen en vrouwen";"34 jaar";"Verweduwd";"2019";181
"Totaal mannen en vrouwen";"34 jaar";"Gescheiden";"2019";9513
"Totaal mannen en vrouwen";"35 jaar";"Totaal burgerlijke staat";"2019";203806
"Totaal mannen en vrouwen";"35 jaar";"Ongehuwd";"2019";100883
"Totaal mannen en vrouwen";"35 jaar";"Gehuwd";"2019";92052
"Totaal mannen en vrouwen";"35 jaar";"Verweduwd";"2019";252
"Totaal mannen en vrouwen";"35 jaar";"Gescheiden";"2019";10619
"Totaal mannen en vrouwen";"36 jaar";"Totaal burgerlijke staat";"2019";204401
"Totaal mannen en vrouwen";"36 jaar";"Ongehuwd";"2019";96100
"Totaal mannen en vrouwen";"36 jaar";"Gehuwd";"2019";96194
"Totaal mannen en vrouwen";"36 jaar";"Verweduwd";"2019";270
"Totaal mannen en vrouwen";"36 jaar";"Gescheiden";"2019";11837
"Totaal mannen en vrouwen";"37 jaar";"Totaal burgerlijke staat";"2019";208114
"Totaal mannen en vrouwen";"37 jaar";"Ongehuwd";"2019";93193
"Totaal mannen en vrouwen";"37 jaar";"Gehuwd";"2019";101359
"Totaal mannen en vrouwen";"37 jaar";"Verweduwd";"2019";345
"Totaal mannen en vrouwen";"37 jaar";"Gescheiden";"2019";13217
"Totaal mannen en vrouwen";"38 jaar";"Totaal burgerlijke staat";"2019";210971
"Totaal mannen en vrouwen";"38 jaar";"Ongehuwd";"2019";90462
"Totaal mannen en vrouwen";"38 jaar";"Gehuwd";"2019";105179
"Totaal mannen en vrouwen";"38 jaar";"Verweduwd";"2019";403
"Totaal mannen en vrouwen";"38 jaar";"Gescheiden";"2019";14927
"Totaal mannen en vrouwen";"39 jaar";"Totaal burgerlijke staat";"2019";204001
"Totaal mannen en vrouwen";"39 jaar";"Ongehuwd";"2019";83514
"Totaal mannen en vrouwen";"39 jaar";"Gehuwd";"2019";104140
"Totaal mannen en vrouwen";"39 jaar";"Verweduwd";"2019";477
"Totaal mannen en vrouwen";"39 jaar";"Gescheiden";"2019";15870
"Totaal mannen en vrouwen";"40 jaar";"Totaal burgerlijke staat";"2019";203992
"Totaal mannen en vrouwen";"40 jaar";"Ongehuwd";"2019";80101
"Totaal mannen en vrouwen";"40 jaar";"Gehuwd";"2019";105748
"Totaal mannen en vrouwen";"40 jaar";"Verweduwd";"2019";586
"Totaal mannen en vrouwen";"40 jaar";"Gescheiden";"2019";17557
"Totaal mannen en vrouwen";"41 jaar";"Totaal burgerlijke staat";"2019";201027
"Totaal mannen en vrouwen";"41 jaar";"Ongehuwd";"2019";75450
"Totaal mannen en vrouwen";"41 jaar";"Gehuwd";"2019";106331
"Totaal mannen en vrouwen";"41 jaar";"Verweduwd";"2019";548
"Totaal mannen en vrouwen";"41 jaar";"Gescheiden";"2019";18698
"Totaal mannen en vrouwen";"42 jaar";"Totaal burgerlijke staat";"2019";202851
"Totaal mannen en vrouwen";"42 jaar";"Ongehuwd";"2019";73497
"Totaal mannen en vrouwen";"42 jaar";"Gehuwd";"2019";108653
"Totaal mannen en vrouwen";"42 jaar";"Verweduwd";"2019";735
"Totaal mannen en vrouwen";"42 jaar";"Gescheiden";"2019";19966
"Totaal mannen en vrouwen";"43 jaar";"Totaal burgerlijke staat";"2019";204259
"Totaal mannen en vrouwen";"43 jaar";"Ongehuwd";"2019";70356
"Totaal mannen en vrouwen";"43 jaar";"Gehuwd";"2019";110928
"Totaal mannen en vrouwen";"43 jaar";"Verweduwd";"2019";876
"Totaal mannen en vrouwen";"43 jaar";"Gescheiden";"2019";22099
"Totaal mannen en vrouwen";"44 jaar";"Totaal burgerlijke staat";"2019";213259
"Totaal mannen en vrouwen";"44 jaar";"Ongehuwd";"2019";70066
"Totaal mannen en vrouwen";"44 jaar";"Gehuwd";"2019";117291
"Totaal mannen en vrouwen";"44 jaar";"Verweduwd";"2019";1014
"Totaal mannen en vrouwen";"44 jaar";"Gescheiden";"2019";24888
"Totaal mannen en vrouwen";"45 jaar";"Totaal burgerlijke staat";"2019";220643
"Totaal mannen en vrouwen";"45 jaar";"Ongehuwd";"2019";69233
"Totaal mannen en vrouwen";"45 jaar";"Gehuwd";"2019";122535
"Totaal mannen en vrouwen";"45 jaar";"Verweduwd";"2019";1169
"Totaal mannen en vrouwen";"45 jaar";"Gescheiden";"2019";27706
"Totaal mannen en vrouwen";"46 jaar";"Totaal burgerlijke staat";"2019";238587
"Totaal mannen en vrouwen";"46 jaar";"Ongehuwd";"2019";71643
"Totaal mannen en vrouwen";"46 jaar";"Gehuwd";"2019";133626
"Totaal mannen en vrouwen";"46 jaar";"Verweduwd";"2019";1387
"Totaal mannen en vrouwen";"46 jaar";"Gescheiden";"2019";31931
"Totaal mannen en vrouwen";"47 jaar";"Totaal burgerlijke staat";"2019";249933
"Totaal mannen en vrouwen";"47 jaar";"Ongehuwd";"2019";71144
"Totaal mannen en vrouwen";"47 jaar";"Gehuwd";"2019";141728
"Totaal mannen en vrouwen";"47 jaar";"Verweduwd";"2019";1713
"Totaal mannen en vrouwen";"47 jaar";"Gescheiden";"2019";35348
"Totaal mannen en vrouwen";"48 jaar";"Totaal burgerlijke staat";"2019";260536
"Totaal mannen en vrouwen";"48 jaar";"Ongehuwd";"2019";70109
"Totaal mannen en vrouwen";"48 jaar";"Gehuwd";"2019";149622
"Totaal mannen en vrouwen";"48 jaar";"Verweduwd";"2019";1947
"Totaal mannen en vrouwen";"48 jaar";"Gescheiden";"2019";38858
"Totaal mannen en vrouwen";"49 jaar";"Totaal burgerlijke staat";"2019";266020
"Totaal mannen en vrouwen";"49 jaar";"Ongehuwd";"2019";67674
"Totaal mannen en vrouwen";"49 jaar";"Gehuwd";"2019";154669
"Totaal mannen en vrouwen";"49 jaar";"Verweduwd";"2019";2408
"Totaal mannen en vrouwen";"49 jaar";"Gescheiden";"2019";41269
"Totaal mannen en vrouwen";"50 jaar";"Totaal burgerlijke staat";"2019";254909
"Totaal mannen en vrouwen";"50 jaar";"Ongehuwd";"2019";60410
"Totaal mannen en vrouwen";"50 jaar";"Gehuwd";"2019";151358
"Totaal mannen en vrouwen";"50 jaar";"Verweduwd";"2019";2471
"Totaal mannen en vrouwen";"50 jaar";"Gescheiden";"2019";40670
"Totaal mannen en vrouwen";"51 jaar";"Totaal burgerlijke staat";"2019";251946
"Totaal mannen en vrouwen";"51 jaar";"Ongehuwd";"2019";56358
"Totaal mannen en vrouwen";"51 jaar";"Gehuwd";"2019";151224
"Totaal mannen en vrouwen";"51 jaar";"Verweduwd";"2019";2796
"Totaal mannen en vrouwen";"51 jaar";"Gescheiden";"2019";41568
"Totaal mannen en vrouwen";"52 jaar";"Totaal burgerlijke staat";"2019";253097
"Totaal mannen en vrouwen";"52 jaar";"Ongehuwd";"2019";52927
"Totaal mannen en vrouwen";"52 jaar";"Gehuwd";"2019";154794
"Totaal mannen en vrouwen";"52 jaar";"Verweduwd";"2019";3280
"Totaal mannen en vrouwen";"52 jaar";"Gescheiden";"2019";42096
"Totaal mannen en vrouwen";"53 jaar";"Totaal burgerlijke staat";"2019";256392
"Totaal mannen en vrouwen";"53 jaar";"Ongehuwd";"2019";50186
"Totaal mannen en vrouwen";"53 jaar";"Gehuwd";"2019";158235
"Totaal mannen en vrouwen";"53 jaar";"Verweduwd";"2019";3731
"Totaal mannen en vrouwen";"53 jaar";"Gescheiden";"2019";44240
"Totaal mannen en vrouwen";"54 jaar";"Totaal burgerlijke staat";"2019";260512
"Totaal mannen en vrouwen";"54 jaar";"Ongehuwd";"2019";48336
"Totaal mannen en vrouwen";"54 jaar";"Gehuwd";"2019";162809
"Totaal mannen en vrouwen";"54 jaar";"Verweduwd";"2019";4522
"Totaal mannen en vrouwen";"54 jaar";"Gescheiden";"2019";44845
"Totaal mannen en vrouwen";"55 jaar";"Totaal burgerlijke staat";"2019";255864
"Totaal mannen en vrouwen";"55 jaar";"Ongehuwd";"2019";45072
"Totaal mannen en vrouwen";"55 jaar";"Gehuwd";"2019";161965
"Totaal mannen en vrouwen";"55 jaar";"Verweduwd";"2019";4868
"Totaal mannen en vrouwen";"55 jaar";"Gescheiden";"2019";43959
"Totaal mannen en vrouwen";"56 jaar";"Totaal burgerlijke staat";"2019";250557
"Totaal mannen en vrouwen";"56 jaar";"Ongehuwd";"2019";41409
"Totaal mannen en vrouwen";"56 jaar";"Gehuwd";"2019";160521
"Totaal mannen en vrouwen";"56 jaar";"Verweduwd";"2019";5492
"Totaal mannen en vrouwen";"56 jaar";"Gescheiden";"2019";43135
"Totaal mannen en vrouwen";"57 jaar";"Totaal burgerlijke staat";"2019";247542
"Totaal mannen en vrouwen";"57 jaar";"Ongehuwd";"2019";38957
"Totaal mannen en vrouwen";"57 jaar";"Gehuwd";"2019";160446
"Totaal mannen en vrouwen";"57 jaar";"Verweduwd";"2019";6141
"Totaal mannen en vrouwen";"57 jaar";"Gescheiden";"2019";41998
"Totaal mannen en vrouwen";"58 jaar";"Totaal burgerlijke staat";"2019";240203
"Totaal mannen en vrouwen";"58 jaar";"Ongehuwd";"2019";35907
"Totaal mannen en vrouwen";"58 jaar";"Gehuwd";"2019";157547
"Totaal mannen en vrouwen";"58 jaar";"Verweduwd";"2019";6849
"Totaal mannen en vrouwen";"58 jaar";"Gescheiden";"2019";39900
"Totaal mannen en vrouwen";"59 jaar";"Totaal burgerlijke staat";"2019";237366
"Totaal mannen en vrouwen";"59 jaar";"Ongehuwd";"2019";33850
"Totaal mannen en vrouwen";"59 jaar";"Gehuwd";"2019";156720
"Totaal mannen en vrouwen";"59 jaar";"Verweduwd";"2019";7688
"Totaal mannen en vrouwen";"59 jaar";"Gescheiden";"2019";39108
"Totaal mannen en vrouwen";"60 jaar";"Totaal burgerlijke staat";"2019";230261
"Totaal mannen en vrouwen";"60 jaar";"Ongehuwd";"2019";30586
"Totaal mannen en vrouwen";"60 jaar";"Gehuwd";"2019";153999
"Totaal mannen en vrouwen";"60 jaar";"Verweduwd";"2019";8547
"Totaal mannen en vrouwen";"60 jaar";"Gescheiden";"2019";37129
"Totaal mannen en vrouwen";"61 jaar";"Totaal burgerlijke staat";"2019";224577
"Totaal mannen en vrouwen";"61 jaar";"Ongehuwd";"2019";28133
"Totaal mannen en vrouwen";"61 jaar";"Gehuwd";"2019";151510
"Totaal mannen en vrouwen";"61 jaar";"Verweduwd";"2019";9171
"Totaal mannen en vrouwen";"61 jaar";"Gescheiden";"2019";35763
"Totaal mannen en vrouwen";"62 jaar";"Totaal burgerlijke staat";"2019";219687
"Totaal mannen en vrouwen";"62 jaar";"Ongehuwd";"2019";25479
"Totaal mannen en vrouwen";"62 jaar";"Gehuwd";"2019";149733
"Totaal mannen en vrouwen";"62 jaar";"Verweduwd";"2019";10420
"Totaal mannen en vrouwen";"62 jaar";"Gescheiden";"2019";34055
"Totaal mannen en vrouwen";"63 jaar";"Totaal burgerlijke staat";"2019";213299
"Totaal mannen en vrouwen";"63 jaar";"Ongehuwd";"2019";23110
"Totaal mannen en vrouwen";"63 jaar";"Gehuwd";"2019";146552
"Totaal mannen en vrouwen";"63 jaar";"Verweduwd";"2019";11325
"Totaal mannen en vrouwen";"63 jaar";"Gescheiden";"2019";32312
"Totaal mannen en vrouwen";"64 jaar";"Totaal burgerlijke staat";"2019";209015
"Totaal mannen en vrouwen";"64 jaar";"Ongehuwd";"2019";21071
"Totaal mannen en vrouwen";"64 jaar";"Gehuwd";"2019";144384
"Totaal mannen en vrouwen";"64 jaar";"Verweduwd";"2019";12329
"Totaal mannen en vrouwen";"64 jaar";"Gescheiden";"2019";31231
"Totaal mannen en vrouwen";"65 jaar";"Totaal burgerlijke staat";"2019";204712
"Totaal mannen en vrouwen";"65 jaar";"Ongehuwd";"2019";19271
"Totaal mannen en vrouwen";"65 jaar";"Gehuwd";"2019";141969
"Totaal mannen en vrouwen";"65 jaar";"Verweduwd";"2019";13770
"Totaal mannen en vrouwen";"65 jaar";"Gescheiden";"2019";29702
"Totaal mannen en vrouwen";"66 jaar";"Totaal burgerlijke staat";"2019";203761
"Totaal mannen en vrouwen";"66 jaar";"Ongehuwd";"2019";17783
"Totaal mannen en vrouwen";"66 jaar";"Gehuwd";"2019";142045
"Totaal mannen en vrouwen";"66 jaar";"Verweduwd";"2019";15003
"Totaal mannen en vrouwen";"66 jaar";"Gescheiden";"2019";28930
"Totaal mannen en vrouwen";"67 jaar";"Totaal burgerlijke staat";"2019";194999
"Totaal mannen en vrouwen";"67 jaar";"Ongehuwd";"2019";15948
"Totaal mannen en vrouwen";"67 jaar";"Gehuwd";"2019";136230
"Totaal mannen en vrouwen";"67 jaar";"Verweduwd";"2019";15718
"Totaal mannen en vrouwen";"67 jaar";"Gescheiden";"2019";27103
"Totaal mannen en vrouwen";"68 jaar";"Totaal burgerlijke staat";"2019";194511
"Totaal mannen en vrouwen";"68 jaar";"Ongehuwd";"2019";14675
"Totaal mannen en vrouwen";"68 jaar";"Gehuwd";"2019";135470
"Totaal mannen en vrouwen";"68 jaar";"Verweduwd";"2019";17666
"Totaal mannen en vrouwen";"68 jaar";"Gescheiden";"2019";26700
"Totaal mannen en vrouwen";"69 jaar";"Totaal burgerlijke staat";"2019";195091
"Totaal mannen en vrouwen";"69 jaar";"Ongehuwd";"2019";13564
"Totaal mannen en vrouwen";"69 jaar";"Gehuwd";"2019";135932
"Totaal mannen en vrouwen";"69 jaar";"Verweduwd";"2019";19831
"Totaal mannen en vrouwen";"69 jaar";"Gescheiden";"2019";25764
"Totaal mannen en vrouwen";"70 jaar";"Totaal burgerlijke staat";"2019";198650
"Totaal mannen en vrouwen";"70 jaar";"Ongehuwd";"2019";12453
"Totaal mannen en vrouwen";"70 jaar";"Gehuwd";"2019";138933
"Totaal mannen en vrouwen";"70 jaar";"Verweduwd";"2019";22400
"Totaal mannen en vrouwen";"70 jaar";"Gescheiden";"2019";24864
"Totaal mannen en vrouwen";"71 jaar";"Totaal burgerlijke staat";"2019";206366
"Totaal mannen en vrouwen";"71 jaar";"Ongehuwd";"2019";11861
"Totaal mannen en vrouwen";"71 jaar";"Gehuwd";"2019";142916
"Totaal mannen en vrouwen";"71 jaar";"Verweduwd";"2019";26239
"Totaal mannen en vrouwen";"71 jaar";"Gescheiden";"2019";25350
"Totaal mannen en vrouwen";"72 jaar";"Totaal burgerlijke staat";"2019";209871
"Totaal mannen en vrouwen";"72 jaar";"Ongehuwd";"2019";11478
"Totaal mannen en vrouwen";"72 jaar";"Gehuwd";"2019";144639
"Totaal mannen en vrouwen";"72 jaar";"Verweduwd";"2019";29602
"Totaal mannen en vrouwen";"72 jaar";"Gescheiden";"2019";24152
"Totaal mannen en vrouwen";"73 jaar";"Totaal burgerlijke staat";"2019";147392
"Totaal mannen en vrouwen";"73 jaar";"Ongehuwd";"2019";7464
"Totaal mannen en vrouwen";"73 jaar";"Gehuwd";"2019";100029
"Totaal mannen en vrouwen";"73 jaar";"Verweduwd";"2019";23433
"Totaal mannen en vrouwen";"73 jaar";"Gescheiden";"2019";16466
"Totaal mannen en vrouwen";"74 jaar";"Totaal burgerlijke staat";"2019";151105
"Totaal mannen en vrouwen";"74 jaar";"Ongehuwd";"2019";7181
"Totaal mannen en vrouwen";"74 jaar";"Gehuwd";"2019";100869
"Totaal mannen en vrouwen";"74 jaar";"Verweduwd";"2019";26805
"Totaal mannen en vrouwen";"74 jaar";"Gescheiden";"2019";16250
"Totaal mannen en vrouwen";"75 jaar";"Totaal burgerlijke staat";"2019";140466
"Totaal mannen en vrouwen";"75 jaar";"Ongehuwd";"2019";6430
"Totaal mannen en vrouwen";"75 jaar";"Gehuwd";"2019";92035
"Totaal mannen en vrouwen";"75 jaar";"Verweduwd";"2019";27281
"Totaal mannen en vrouwen";"75 jaar";"Gescheiden";"2019";14720
"Totaal mannen en vrouwen";"76 jaar";"Totaal burgerlijke staat";"2019";126649
"Totaal mannen en vrouwen";"76 jaar";"Ongehuwd";"2019";5708
"Totaal mannen en vrouwen";"76 jaar";"Gehuwd";"2019";80947
"Totaal mannen en vrouwen";"76 jaar";"Verweduwd";"2019";27151
"Totaal mannen en vrouwen";"76 jaar";"Gescheiden";"2019";12843
"Totaal mannen en vrouwen";"77 jaar";"Totaal burgerlijke staat";"2019";117269
"Totaal mannen en vrouwen";"77 jaar";"Ongehuwd";"2019";5146
"Totaal mannen en vrouwen";"77 jaar";"Gehuwd";"2019";72909
"Totaal mannen en vrouwen";"77 jaar";"Verweduwd";"2019";27557
"Totaal mannen en vrouwen";"77 jaar";"Gescheiden";"2019";11657
"Totaal mannen en vrouwen";"78 jaar";"Totaal burgerlijke staat";"2019";116317
"Totaal mannen en vrouwen";"78 jaar";"Ongehuwd";"2019";5142
"Totaal mannen en vrouwen";"78 jaar";"Gehuwd";"2019";69989
"Totaal mannen en vrouwen";"78 jaar";"Verweduwd";"2019";29879
"Totaal mannen en vrouwen";"78 jaar";"Gescheiden";"2019";11307
"Totaal mannen en vrouwen";"79 jaar";"Totaal burgerlijke staat";"2019";108025
"Totaal mannen en vrouwen";"79 jaar";"Ongehuwd";"2019";4823
"Totaal mannen en vrouwen";"79 jaar";"Gehuwd";"2019";62591
"Totaal mannen en vrouwen";"79 jaar";"Verweduwd";"2019";30756
"Totaal mannen en vrouwen";"79 jaar";"Gescheiden";"2019";9855
"Totaal mannen en vrouwen";"80 jaar";"Totaal burgerlijke staat";"2019";101095
"Totaal mannen en vrouwen";"80 jaar";"Ongehuwd";"2019";4372
"Totaal mannen en vrouwen";"80 jaar";"Gehuwd";"2019";56171
"Totaal mannen en vrouwen";"80 jaar";"Verweduwd";"2019";31695
"Totaal mannen en vrouwen";"80 jaar";"Gescheiden";"2019";8857
"Totaal mannen en vrouwen";"81 jaar";"Totaal burgerlijke staat";"2019";90011
"Totaal mannen en vrouwen";"81 jaar";"Ongehuwd";"2019";4070
"Totaal mannen en vrouwen";"81 jaar";"Gehuwd";"2019";47686
"Totaal mannen en vrouwen";"81 jaar";"Verweduwd";"2019";31184
"Totaal mannen en vrouwen";"81 jaar";"Gescheiden";"2019";7071
"Totaal mannen en vrouwen";"82 jaar";"Totaal burgerlijke staat";"2019";84177
"Totaal mannen en vrouwen";"82 jaar";"Ongehuwd";"2019";3769
"Totaal mannen en vrouwen";"82 jaar";"Gehuwd";"2019";42127
"Totaal mannen en vrouwen";"82 jaar";"Verweduwd";"2019";31842
"Totaal mannen en vrouwen";"82 jaar";"Gescheiden";"2019";6439
"Totaal mannen en vrouwen";"83 jaar";"Totaal burgerlijke staat";"2019";76736
"Totaal mannen en vrouwen";"83 jaar";"Ongehuwd";"2019";3592
"Totaal mannen en vrouwen";"83 jaar";"Gehuwd";"2019";35902
"Totaal mannen en vrouwen";"83 jaar";"Verweduwd";"2019";31819
"Totaal mannen en vrouwen";"83 jaar";"Gescheiden";"2019";5423
"Totaal mannen en vrouwen";"84 jaar";"Totaal burgerlijke staat";"2019";70095
"Totaal mannen en vrouwen";"84 jaar";"Ongehuwd";"2019";3118
"Totaal mannen en vrouwen";"84 jaar";"Gehuwd";"2019";30671
"Totaal mannen en vrouwen";"84 jaar";"Verweduwd";"2019";31596
"Totaal mannen en vrouwen";"84 jaar";"Gescheiden";"2019";4710
"Totaal mannen en vrouwen";"85 jaar";"Totaal burgerlijke staat";"2019";62552
"Totaal mannen en vrouwen";"85 jaar";"Ongehuwd";"2019";2951
"Totaal mannen en vrouwen";"85 jaar";"Gehuwd";"2019";24855
"Totaal mannen en vrouwen";"85 jaar";"Verweduwd";"2019";30875
"Totaal mannen en vrouwen";"85 jaar";"Gescheiden";"2019";3871
"Totaal mannen en vrouwen";"86 jaar";"Totaal burgerlijke staat";"2019";57367
"Totaal mannen en vrouwen";"86 jaar";"Ongehuwd";"2019";2820
"Totaal mannen en vrouwen";"86 jaar";"Gehuwd";"2019";21002
"Totaal mannen en vrouwen";"86 jaar";"Verweduwd";"2019";30232
"Totaal mannen en vrouwen";"86 jaar";"Gescheiden";"2019";3313
"Totaal mannen en vrouwen";"87 jaar";"Totaal burgerlijke staat";"2019";50089
"Totaal mannen en vrouwen";"87 jaar";"Ongehuwd";"2019";2512
"Totaal mannen en vrouwen";"87 jaar";"Gehuwd";"2019";16613
"Totaal mannen en vrouwen";"87 jaar";"Verweduwd";"2019";28182
"Totaal mannen en vrouwen";"87 jaar";"Gescheiden";"2019";2782
"Totaal mannen en vrouwen";"88 jaar";"Totaal burgerlijke staat";"2019";44093
"Totaal mannen en vrouwen";"88 jaar";"Ongehuwd";"2019";2300
"Totaal mannen en vrouwen";"88 jaar";"Gehuwd";"2019";12903
"Totaal mannen en vrouwen";"88 jaar";"Verweduwd";"2019";26619
"Totaal mannen en vrouwen";"88 jaar";"Gescheiden";"2019";2271
"Totaal mannen en vrouwen";"89 jaar";"Totaal burgerlijke staat";"2019";35967
"Totaal mannen en vrouwen";"89 jaar";"Ongehuwd";"2019";1845
"Totaal mannen en vrouwen";"89 jaar";"Gehuwd";"2019";9400
"Totaal mannen en vrouwen";"89 jaar";"Verweduwd";"2019";22933
"Totaal mannen en vrouwen";"89 jaar";"Gescheiden";"2019";1789
"Totaal mannen en vrouwen";"90 jaar";"Totaal burgerlijke staat";"2019";30351
"Totaal mannen en vrouwen";"90 jaar";"Ongehuwd";"2019";1677
"Totaal mannen en vrouwen";"90 jaar";"Gehuwd";"2019";6804
"Totaal mannen en vrouwen";"90 jaar";"Verweduwd";"2019";20546
"Totaal mannen en vrouwen";"90 jaar";"Gescheiden";"2019";1324
"Totaal mannen en vrouwen";"91 jaar";"Totaal burgerlijke staat";"2019";24104
"Totaal mannen en vrouwen";"91 jaar";"Ongehuwd";"2019";1311
"Totaal mannen en vrouwen";"91 jaar";"Gehuwd";"2019";4721
"Totaal mannen en vrouwen";"91 jaar";"Verweduwd";"2019";16959
"Totaal mannen en vrouwen";"91 jaar";"Gescheiden";"2019";1113
"Totaal mannen en vrouwen";"92 jaar";"Totaal burgerlijke staat";"2019";19691
"Totaal mannen en vrouwen";"92 jaar";"Ongehuwd";"2019";1176
"Totaal mannen en vrouwen";"92 jaar";"Gehuwd";"2019";3292
"Totaal mannen en vrouwen";"92 jaar";"Verweduwd";"2019";14413
"Totaal mannen en vrouwen";"92 jaar";"Gescheiden";"2019";810
"Totaal mannen en vrouwen";"93 jaar";"Totaal burgerlijke staat";"2019";15081
"Totaal mannen en vrouwen";"93 jaar";"Ongehuwd";"2019";946
"Totaal mannen en vrouwen";"93 jaar";"Gehuwd";"2019";2133
"Totaal mannen en vrouwen";"93 jaar";"Verweduwd";"2019";11353
"Totaal mannen en vrouwen";"93 jaar";"Gescheiden";"2019";649
"Totaal mannen en vrouwen";"94 jaar";"Totaal burgerlijke staat";"2019";11736
"Totaal mannen en vrouwen";"94 jaar";"Ongehuwd";"2019";712
"Totaal mannen en vrouwen";"94 jaar";"Gehuwd";"2019";1320
"Totaal mannen en vrouwen";"94 jaar";"Verweduwd";"2019";9266
"Totaal mannen en vrouwen";"94 jaar";"Gescheiden";"2019";438
"Totaal mannen en vrouwen";"95 jaar";"Totaal burgerlijke staat";"2019";8705
"Totaal mannen en vrouwen";"95 jaar";"Ongehuwd";"2019";526
"Totaal mannen en vrouwen";"95 jaar";"Gehuwd";"2019";879
"Totaal mannen en vrouwen";"95 jaar";"Verweduwd";"2019";6925
"Totaal mannen en vrouwen";"95 jaar";"Gescheiden";"2019";375
"Totaal mannen en vrouwen";"96 jaar";"Totaal burgerlijke staat";"2019";6138
"Totaal mannen en vrouwen";"96 jaar";"Ongehuwd";"2019";408
"Totaal mannen en vrouwen";"96 jaar";"Gehuwd";"2019";420
"Totaal mannen en vrouwen";"96 jaar";"Verweduwd";"2019";5082
"Totaal mannen en vrouwen";"96 jaar";"Gescheiden";"2019";228
"Totaal mannen en vrouwen";"97 jaar";"Totaal burgerlijke staat";"2019";4159
"Totaal mannen en vrouwen";"97 jaar";"Ongehuwd";"2019";260
"Totaal mannen en vrouwen";"97 jaar";"Gehuwd";"2019";268
"Totaal mannen en vrouwen";"97 jaar";"Verweduwd";"2019";3473
"Totaal mannen en vrouwen";"97 jaar";"Gescheiden";"2019";158
"Totaal mannen en vrouwen";"98 jaar";"Totaal burgerlijke staat";"2019";2826
"Totaal mannen en vrouwen";"98 jaar";"Ongehuwd";"2019";170
"Totaal mannen en vrouwen";"98 jaar";"Gehuwd";"2019";148
"Totaal mannen en vrouwen";"98 jaar";"Verweduwd";"2019";2393
"Totaal mannen en vrouwen";"98 jaar";"Gescheiden";"2019";115
"Totaal mannen en vrouwen";"99 jaar";"Totaal burgerlijke staat";"2019";3847
"Totaal mannen en vrouwen";"99 jaar";"Ongehuwd";"2019";332
"Totaal mannen en vrouwen";"99 jaar";"Gehuwd";"2019";119
"Totaal mannen en vrouwen";"99 jaar";"Verweduwd";"2019";3270
"Totaal mannen en vrouwen";"99 jaar";"Gescheiden";"2019";126
"Mannen";"0 jaar";"Totaal burgerlijke staat";"2019";86173
"Mannen";"0 jaar";"Ongehuwd";"2019";86173
"Mannen";"0 jaar";"Gehuwd";"2019";
"Mannen";"0 jaar";"Verweduwd";"2019";
"Mannen";"0 jaar";"Gescheiden";"2019";
"Mannen";"1 jaar";"Totaal burgerlijke staat";"2019";87646
"Mannen";"1 jaar";"Ongehuwd";"2019";87646
"Mannen";"1 jaar";"Gehuwd";"2019";
"Mannen";"1 jaar";"Verweduwd";"2019";
"Mannen";"1 jaar";"Gescheiden";"2019";
"Mannen";"2 jaar";"Totaal burgerlijke staat";"2019";89405
"Mannen";"2 jaar";"Ongehuwd";"2019";89405
"Mannen";"2 jaar";"Gehuwd";"2019";
"Mannen";"2 jaar";"Verweduwd";"2019";
"Mannen";"2 jaar";"Gescheiden";"2019";
"Mannen";"3 jaar";"Totaal burgerlijke staat";"2019";89102
"Mannen";"3 jaar";"Ongehuwd";"2019";89102
"Mannen";"3 jaar";"Gehuwd";"2019";
"Mannen";"3 jaar";"Verweduwd";"2019";
"Mannen";"3 jaar";"Gescheiden";"2019";
"Mannen";"4 jaar";"Totaal burgerlijke staat";"2019";91332
"Mannen";"4 jaar";"Ongehuwd";"2019";91332
"Mannen";"4 jaar";"Gehuwd";"2019";
"Mannen";"4 jaar";"Verweduwd";"2019";
"Mannen";"4 jaar";"Gescheiden";"2019";
"Mannen";"5 jaar";"Totaal burgerlijke staat";"2019";89987
"Mannen";"5 jaar";"Ongehuwd";"2019";89987
"Mannen";"5 jaar";"Gehuwd";"2019";
"Mannen";"5 jaar";"Verweduwd";"2019";
"Mannen";"5 jaar";"Gescheiden";"2019";
"Mannen";"6 jaar";"Totaal burgerlijke staat";"2019";92277
"Mannen";"6 jaar";"Ongehuwd";"2019";92277
"Mannen";"6 jaar";"Gehuwd";"2019";
"Mannen";"6 jaar";"Verweduwd";"2019";
"Mannen";"6 jaar";"Gescheiden";"2019";
"Mannen";"7 jaar";"Totaal burgerlijke staat";"2019";94365
"Mannen";"7 jaar";"Ongehuwd";"2019";94365
"Mannen";"7 jaar";"Gehuwd";"2019";
"Mannen";"7 jaar";"Verweduwd";"2019";
"Mannen";"7 jaar";"Gescheiden";"2019";
"Mannen";"8 jaar";"Totaal burgerlijke staat";"2019";96472
"Mannen";"8 jaar";"Ongehuwd";"2019";96472
"Mannen";"8 jaar";"Gehuwd";"2019";
"Mannen";"8 jaar";"Verweduwd";"2019";
"Mannen";"8 jaar";"Gescheiden";"2019";
"Mannen";"9 jaar";"Totaal burgerlijke staat";"2019";97132
"Mannen";"9 jaar";"Ongehuwd";"2019";97132
"Mannen";"9 jaar";"Gehuwd";"2019";
"Mannen";"9 jaar";"Verweduwd";"2019";
"Mannen";"9 jaar";"Gescheiden";"2019";
"Mannen";"10 jaar";"Totaal burgerlijke staat";"2019";97532
"Mannen";"10 jaar";"Ongehuwd";"2019";97532
"Mannen";"10 jaar";"Gehuwd";"2019";
"Mannen";"10 jaar";"Verweduwd";"2019";
"Mannen";"10 jaar";"Gescheiden";"2019";
"Mannen";"11 jaar";"Totaal burgerlijke staat";"2019";95272
"Mannen";"11 jaar";"Ongehuwd";"2019";95272
"Mannen";"11 jaar";"Gehuwd";"2019";
"Mannen";"11 jaar";"Verweduwd";"2019";
"Mannen";"11 jaar";"Gescheiden";"2019";
"Mannen";"12 jaar";"Totaal burgerlijke staat";"2019";97500
"Mannen";"12 jaar";"Ongehuwd";"2019";97500
"Mannen";"12 jaar";"Gehuwd";"2019";
"Mannen";"12 jaar";"Verweduwd";"2019";
"Mannen";"12 jaar";"Gescheiden";"2019";
"Mannen";"13 jaar";"Totaal burgerlijke staat";"2019";98249
"Mannen";"13 jaar";"Ongehuwd";"2019";98249
"Mannen";"13 jaar";"Gehuwd";"2019";
"Mannen";"13 jaar";"Verweduwd";"2019";
"Mannen";"13 jaar";"Gescheiden";"2019";
"Mannen";"14 jaar";"Totaal burgerlijke staat";"2019";100978
"Mannen";"14 jaar";"Ongehuwd";"2019";100978
"Mannen";"14 jaar";"Gehuwd";"2019";
"Mannen";"14 jaar";"Verweduwd";"2019";
"Mannen";"14 jaar";"Gescheiden";"2019";
"Mannen";"15 jaar";"Totaal burgerlijke staat";"2019";104654
"Mannen";"15 jaar";"Ongehuwd";"2019";104654
"Mannen";"15 jaar";"Gehuwd";"2019";0
"Mannen";"15 jaar";"Verweduwd";"2019";0
"Mannen";"15 jaar";"Gescheiden";"2019";0
"Mannen";"16 jaar";"Totaal burgerlijke staat";"2019";105283
"Mannen";"16 jaar";"Ongehuwd";"2019";105283
"Mannen";"16 jaar";"Gehuwd";"2019";0
"Mannen";"16 jaar";"Verweduwd";"2019";0
"Mannen";"16 jaar";"Gescheiden";"2019";0
"Mannen";"17 jaar";"Totaal burgerlijke staat";"2019";106599
"Mannen";"17 jaar";"Ongehuwd";"2019";106599
"Mannen";"17 jaar";"Gehuwd";"2019";0
"Mannen";"17 jaar";"Verweduwd";"2019";0
"Mannen";"17 jaar";"Gescheiden";"2019";0
"Mannen";"18 jaar";"Totaal burgerlijke staat";"2019";110582
"Mannen";"18 jaar";"Ongehuwd";"2019";110572
"Mannen";"18 jaar";"Gehuwd";"2019";10
"Mannen";"18 jaar";"Verweduwd";"2019";0
"Mannen";"18 jaar";"Gescheiden";"2019";0
"Mannen";"19 jaar";"Totaal burgerlijke staat";"2019";111186
"Mannen";"19 jaar";"Ongehuwd";"2019";111140
"Mannen";"19 jaar";"Gehuwd";"2019";46
"Mannen";"19 jaar";"Verweduwd";"2019";0
"Mannen";"19 jaar";"Gescheiden";"2019";0
"Mannen";"20 jaar";"Totaal burgerlijke staat";"2019";111172
"Mannen";"20 jaar";"Ongehuwd";"2019";111013
"Mannen";"20 jaar";"Gehuwd";"2019";152
"Mannen";"20 jaar";"Verweduwd";"2019";1
"Mannen";"20 jaar";"Gescheiden";"2019";6
"Mannen";"21 jaar";"Totaal burgerlijke staat";"2019";107639
"Mannen";"21 jaar";"Ongehuwd";"2019";107183
"Mannen";"21 jaar";"Gehuwd";"2019";444
"Mannen";"21 jaar";"Verweduwd";"2019";1
"Mannen";"21 jaar";"Gescheiden";"2019";11
"Mannen";"22 jaar";"Totaal burgerlijke staat";"2019";108437
"Mannen";"22 jaar";"Ongehuwd";"2019";107355
"Mannen";"22 jaar";"Gehuwd";"2019";1058
"Mannen";"22 jaar";"Verweduwd";"2019";0
"Mannen";"22 jaar";"Gescheiden";"2019";24
"Mannen";"23 jaar";"Totaal burgerlijke staat";"2019";108668
"Mannen";"23 jaar";"Ongehuwd";"2019";106453
"Mannen";"23 jaar";"Gehuwd";"2019";2153
"Mannen";"23 jaar";"Verweduwd";"2019";0
"Mannen";"23 jaar";"Gescheiden";"2019";62
"Mannen";"24 jaar";"Totaal burgerlijke staat";"2019";112366
"Mannen";"24 jaar";"Ongehuwd";"2019";108256
"Mannen";"24 jaar";"Gehuwd";"2019";3979
"Mannen";"24 jaar";"Verweduwd";"2019";4
"Mannen";"24 jaar";"Gescheiden";"2019";127
"Mannen";"25 jaar";"Totaal burgerlijke staat";"2019";112519
"Mannen";"25 jaar";"Ongehuwd";"2019";105933
"Mannen";"25 jaar";"Gehuwd";"2019";6326
"Mannen";"25 jaar";"Verweduwd";"2019";6
"Mannen";"25 jaar";"Gescheiden";"2019";254
"Mannen";"26 jaar";"Totaal burgerlijke staat";"2019";114023
"Mannen";"26 jaar";"Ongehuwd";"2019";104328
"Mannen";"26 jaar";"Gehuwd";"2019";9336
"Mannen";"26 jaar";"Verweduwd";"2019";3
"Mannen";"26 jaar";"Gescheiden";"2019";356
"Mannen";"27 jaar";"Totaal burgerlijke staat";"2019";115150
"Mannen";"27 jaar";"Ongehuwd";"2019";101132
"Mannen";"27 jaar";"Gehuwd";"2019";13415
"Mannen";"27 jaar";"Verweduwd";"2019";7
"Mannen";"27 jaar";"Gescheiden";"2019";596
"Mannen";"28 jaar";"Totaal burgerlijke staat";"2019";115895
"Mannen";"28 jaar";"Ongehuwd";"2019";97011
"Mannen";"28 jaar";"Gehuwd";"2019";17983
"Mannen";"28 jaar";"Verweduwd";"2019";4
"Mannen";"28 jaar";"Gescheiden";"2019";897
"Mannen";"29 jaar";"Totaal burgerlijke staat";"2019";111484
"Mannen";"29 jaar";"Ongehuwd";"2019";87974
"Mannen";"29 jaar";"Gehuwd";"2019";22261
"Mannen";"29 jaar";"Verweduwd";"2019";11
"Mannen";"29 jaar";"Gescheiden";"2019";1238
"Mannen";"30 jaar";"Totaal burgerlijke staat";"2019";110475
"Mannen";"30 jaar";"Ongehuwd";"2019";82092
"Mannen";"30 jaar";"Gehuwd";"2019";26805
"Mannen";"30 jaar";"Verweduwd";"2019";16
"Mannen";"30 jaar";"Gescheiden";"2019";1562
"Mannen";"31 jaar";"Totaal burgerlijke staat";"2019";110641
"Mannen";"31 jaar";"Ongehuwd";"2019";76924
"Mannen";"31 jaar";"Gehuwd";"2019";31633
"Mannen";"31 jaar";"Verweduwd";"2019";19
"Mannen";"31 jaar";"Gescheiden";"2019";2065
"Mannen";"32 jaar";"Totaal burgerlijke staat";"2019";109358
"Mannen";"32 jaar";"Ongehuwd";"2019";70869
"Mannen";"32 jaar";"Gehuwd";"2019";35961
"Mannen";"32 jaar";"Verweduwd";"2019";29
"Mannen";"32 jaar";"Gescheiden";"2019";2499
"Mannen";"33 jaar";"Totaal burgerlijke staat";"2019";107200
"Mannen";"33 jaar";"Ongehuwd";"2019";65492
"Mannen";"33 jaar";"Gehuwd";"2019";38527
"Mannen";"33 jaar";"Verweduwd";"2019";35
"Mannen";"33 jaar";"Gescheiden";"2019";3146
"Mannen";"34 jaar";"Totaal burgerlijke staat";"2019";105701
"Mannen";"34 jaar";"Ongehuwd";"2019";60780
"Mannen";"34 jaar";"Gehuwd";"2019";41304
"Mannen";"34 jaar";"Verweduwd";"2019";44
"Mannen";"34 jaar";"Gescheiden";"2019";3573
"Mannen";"35 jaar";"Totaal burgerlijke staat";"2019";102432
"Mannen";"35 jaar";"Ongehuwd";"2019";56096
"Mannen";"35 jaar";"Gehuwd";"2019";42301
"Mannen";"35 jaar";"Verweduwd";"2019";56
"Mannen";"35 jaar";"Gescheiden";"2019";3979
"Mannen";"36 jaar";"Totaal burgerlijke staat";"2019";102842
"Mannen";"36 jaar";"Ongehuwd";"2019";53556
"Mannen";"36 jaar";"Gehuwd";"2019";44600
"Mannen";"36 jaar";"Verweduwd";"2019";58
"Mannen";"36 jaar";"Gescheiden";"2019";4628
"Mannen";"37 jaar";"Totaal burgerlijke staat";"2019";103933
"Mannen";"37 jaar";"Ongehuwd";"2019";51707
"Mannen";"37 jaar";"Gehuwd";"2019";46953
"Mannen";"37 jaar";"Verweduwd";"2019";88
"Mannen";"37 jaar";"Gescheiden";"2019";5185
"Mannen";"38 jaar";"Totaal burgerlijke staat";"2019";105652
"Mannen";"38 jaar";"Ongehuwd";"2019";50375
"Mannen";"38 jaar";"Gehuwd";"2019";49332
"Mannen";"38 jaar";"Verweduwd";"2019";88
"Mannen";"38 jaar";"Gescheiden";"2019";5857
"Mannen";"39 jaar";"Totaal burgerlijke staat";"2019";101876
"Mannen";"39 jaar";"Ongehuwd";"2019";46331
"Mannen";"39 jaar";"Gehuwd";"2019";49112
"Mannen";"39 jaar";"Verweduwd";"2019";115
"Mannen";"39 jaar";"Gescheiden";"2019";6318
"Mannen";"40 jaar";"Totaal burgerlijke staat";"2019";101698
"Mannen";"40 jaar";"Ongehuwd";"2019";44242
"Mannen";"40 jaar";"Gehuwd";"2019";50212
"Mannen";"40 jaar";"Verweduwd";"2019";142
"Mannen";"40 jaar";"Gescheiden";"2019";7102
"Mannen";"41 jaar";"Totaal burgerlijke staat";"2019";99964
"Mannen";"41 jaar";"Ongehuwd";"2019";42012
"Mannen";"41 jaar";"Gehuwd";"2019";50322
"Mannen";"41 jaar";"Verweduwd";"2019";140
"Mannen";"41 jaar";"Gescheiden";"2019";7490
"Mannen";"42 jaar";"Totaal burgerlijke staat";"2019";101409
"Mannen";"42 jaar";"Ongehuwd";"2019";41247
"Mannen";"42 jaar";"Gehuwd";"2019";51878
"Mannen";"42 jaar";"Verweduwd";"2019";178
"Mannen";"42 jaar";"Gescheiden";"2019";8106
"Mannen";"43 jaar";"Totaal burgerlijke staat";"2019";101479
"Mannen";"43 jaar";"Ongehuwd";"2019";39384
"Mannen";"43 jaar";"Gehuwd";"2019";52966
"Mannen";"43 jaar";"Verweduwd";"2019";187
"Mannen";"43 jaar";"Gescheiden";"2019";8942
"Mannen";"44 jaar";"Totaal burgerlijke staat";"2019";105910
"Mannen";"44 jaar";"Ongehuwd";"2019";39344
"Mannen";"44 jaar";"Gehuwd";"2019";56173
"Mannen";"44 jaar";"Verweduwd";"2019";246
"Mannen";"44 jaar";"Gescheiden";"2019";10147
"Mannen";"45 jaar";"Totaal burgerlijke staat";"2019";109548
"Mannen";"45 jaar";"Ongehuwd";"2019";38860
"Mannen";"45 jaar";"Gehuwd";"2019";58875
"Mannen";"45 jaar";"Verweduwd";"2019";291
"Mannen";"45 jaar";"Gescheiden";"2019";11522
"Mannen";"46 jaar";"Totaal burgerlijke staat";"2019";118352
"Mannen";"46 jaar";"Ongehuwd";"2019";40333
"Mannen";"46 jaar";"Gehuwd";"2019";64412
"Mannen";"46 jaar";"Verweduwd";"2019";373
"Mannen";"46 jaar";"Gescheiden";"2019";13234
"Mannen";"47 jaar";"Totaal burgerlijke staat";"2019";124918
"Mannen";"47 jaar";"Ongehuwd";"2019";40268
"Mannen";"47 jaar";"Gehuwd";"2019";69240
"Mannen";"47 jaar";"Verweduwd";"2019";475
"Mannen";"47 jaar";"Gescheiden";"2019";14935
"Mannen";"48 jaar";"Totaal burgerlijke staat";"2019";130255
"Mannen";"48 jaar";"Ongehuwd";"2019";40032
"Mannen";"48 jaar";"Gehuwd";"2019";73009
"Mannen";"48 jaar";"Verweduwd";"2019";537
"Mannen";"48 jaar";"Gescheiden";"2019";16677
"Mannen";"49 jaar";"Totaal burgerlijke staat";"2019";133467
"Mannen";"49 jaar";"Ongehuwd";"2019";39036
"Mannen";"49 jaar";"Gehuwd";"2019";75824
"Mannen";"49 jaar";"Verweduwd";"2019";672
"Mannen";"49 jaar";"Gescheiden";"2019";17935
"Mannen";"50 jaar";"Totaal burgerlijke staat";"2019";127729
"Mannen";"50 jaar";"Ongehuwd";"2019";34882
"Mannen";"50 jaar";"Gehuwd";"2019";74459
"Mannen";"50 jaar";"Verweduwd";"2019";717
"Mannen";"50 jaar";"Gescheiden";"2019";17671
"Mannen";"51 jaar";"Totaal burgerlijke staat";"2019";126713
"Mannen";"51 jaar";"Ongehuwd";"2019";32743
"Mannen";"51 jaar";"Gehuwd";"2019";74806
"Mannen";"51 jaar";"Verweduwd";"2019";804
"Mannen";"51 jaar";"Gescheiden";"2019";18360
"Mannen";"52 jaar";"Totaal burgerlijke staat";"2019";127228
"Mannen";"52 jaar";"Ongehuwd";"2019";30736
"Mannen";"52 jaar";"Gehuwd";"2019";76629
"Mannen";"52 jaar";"Verweduwd";"2019";910
"Mannen";"52 jaar";"Gescheiden";"2019";18953
"Mannen";"53 jaar";"Totaal burgerlijke staat";"2019";129271
"Mannen";"53 jaar";"Ongehuwd";"2019";29216
"Mannen";"53 jaar";"Gehuwd";"2019";78963
"Mannen";"53 jaar";"Verweduwd";"2019";1063
"Mannen";"53 jaar";"Gescheiden";"2019";20029
"Mannen";"54 jaar";"Totaal burgerlijke staat";"2019";131046
"Mannen";"54 jaar";"Ongehuwd";"2019";28215
"Mannen";"54 jaar";"Gehuwd";"2019";81165
"Mannen";"54 jaar";"Verweduwd";"2019";1318
"Mannen";"54 jaar";"Gescheiden";"2019";20348
"Mannen";"55 jaar";"Totaal burgerlijke staat";"2019";128690
"Mannen";"55 jaar";"Ongehuwd";"2019";26130
"Mannen";"55 jaar";"Gehuwd";"2019";80971
"Mannen";"55 jaar";"Verweduwd";"2019";1371
"Mannen";"55 jaar";"Gescheiden";"2019";20218
"Mannen";"56 jaar";"Totaal burgerlijke staat";"2019";125429
"Mannen";"56 jaar";"Ongehuwd";"2019";23908
"Mannen";"56 jaar";"Gehuwd";"2019";80161
"Mannen";"56 jaar";"Verweduwd";"2019";1526
"Mannen";"56 jaar";"Gescheiden";"2019";19834
"Mannen";"57 jaar";"Totaal burgerlijke staat";"2019";123795
"Mannen";"57 jaar";"Ongehuwd";"2019";22687
"Mannen";"57 jaar";"Gehuwd";"2019";80105
"Mannen";"57 jaar";"Verweduwd";"2019";1654
"Mannen";"57 jaar";"Gescheiden";"2019";19349
"Mannen";"58 jaar";"Totaal burgerlijke staat";"2019";120078
"Mannen";"58 jaar";"Ongehuwd";"2019";20618
"Mannen";"58 jaar";"Gehuwd";"2019";78939
"Mannen";"58 jaar";"Verweduwd";"2019";1895
"Mannen";"58 jaar";"Gescheiden";"2019";18626
"Mannen";"59 jaar";"Totaal burgerlijke staat";"2019";118609
"Mannen";"59 jaar";"Ongehuwd";"2019";19763
"Mannen";"59 jaar";"Gehuwd";"2019";78348
"Mannen";"59 jaar";"Verweduwd";"2019";2083
"Mannen";"59 jaar";"Gescheiden";"2019";18415
"Mannen";"60 jaar";"Totaal burgerlijke staat";"2019";115023
"Mannen";"60 jaar";"Ongehuwd";"2019";17757
"Mannen";"60 jaar";"Gehuwd";"2019";77585
"Mannen";"60 jaar";"Verweduwd";"2019";2258
"Mannen";"60 jaar";"Gescheiden";"2019";17423
"Mannen";"61 jaar";"Totaal burgerlijke staat";"2019";111853
"Mannen";"61 jaar";"Ongehuwd";"2019";16374
"Mannen";"61 jaar";"Gehuwd";"2019";76243
"Mannen";"61 jaar";"Verweduwd";"2019";2603
"Mannen";"61 jaar";"Gescheiden";"2019";16633
"Mannen";"62 jaar";"Totaal burgerlijke staat";"2019";109561
"Mannen";"62 jaar";"Ongehuwd";"2019";14804
"Mannen";"62 jaar";"Gehuwd";"2019";76099
"Mannen";"62 jaar";"Verweduwd";"2019";2781
"Mannen";"62 jaar";"Gescheiden";"2019";15877
"Mannen";"63 jaar";"Totaal burgerlijke staat";"2019";105576
"Mannen";"63 jaar";"Ongehuwd";"2019";13391
"Mannen";"63 jaar";"Gehuwd";"2019";74395
"Mannen";"63 jaar";"Verweduwd";"2019";3031
"Mannen";"63 jaar";"Gescheiden";"2019";14759
"Mannen";"64 jaar";"Totaal burgerlijke staat";"2019";103986
"Mannen";"64 jaar";"Ongehuwd";"2019";12284
"Mannen";"64 jaar";"Gehuwd";"2019";73936
"Mannen";"64 jaar";"Verweduwd";"2019";3360
"Mannen";"64 jaar";"Gescheiden";"2019";14406
"Mannen";"65 jaar";"Totaal burgerlijke staat";"2019";101712
"Mannen";"65 jaar";"Ongehuwd";"2019";11319
"Mannen";"65 jaar";"Gehuwd";"2019";73256
"Mannen";"65 jaar";"Verweduwd";"2019";3646
"Mannen";"65 jaar";"Gescheiden";"2019";13491
"Mannen";"66 jaar";"Totaal burgerlijke staat";"2019";101055
"Mannen";"66 jaar";"Ongehuwd";"2019";10277
"Mannen";"66 jaar";"Gehuwd";"2019";73487
"Mannen";"66 jaar";"Verweduwd";"2019";4051
"Mannen";"66 jaar";"Gescheiden";"2019";13240
"Mannen";"67 jaar";"Totaal burgerlijke staat";"2019";96863
"Mannen";"67 jaar";"Ongehuwd";"2019";9241
"Mannen";"67 jaar";"Gehuwd";"2019";71092
"Mannen";"67 jaar";"Verweduwd";"2019";4327
"Mannen";"67 jaar";"Gescheiden";"2019";12203
"Mannen";"68 jaar";"Totaal burgerlijke staat";"2019";96136
"Mannen";"68 jaar";"Ongehuwd";"2019";8510
"Mannen";"68 jaar";"Gehuwd";"2019";70935
"Mannen";"68 jaar";"Verweduwd";"2019";4757
"Mannen";"68 jaar";"Gescheiden";"2019";11934
"Mannen";"69 jaar";"Totaal burgerlijke staat";"2019";96240
"Mannen";"69 jaar";"Ongehuwd";"2019";7768
"Mannen";"69 jaar";"Gehuwd";"2019";71790
"Mannen";"69 jaar";"Verweduwd";"2019";5268
"Mannen";"69 jaar";"Gescheiden";"2019";11414
"Mannen";"70 jaar";"Totaal burgerlijke staat";"2019";98005
"Mannen";"70 jaar";"Ongehuwd";"2019";7155
"Mannen";"70 jaar";"Gehuwd";"2019";73859
"Mannen";"70 jaar";"Verweduwd";"2019";5976
"Mannen";"70 jaar";"Gescheiden";"2019";11015
"Mannen";"71 jaar";"Totaal burgerlijke staat";"2019";100939
"Mannen";"71 jaar";"Ongehuwd";"2019";6676
"Mannen";"71 jaar";"Gehuwd";"2019";76326
"Mannen";"71 jaar";"Verweduwd";"2019";7030
"Mannen";"71 jaar";"Gescheiden";"2019";10907
"Mannen";"72 jaar";"Totaal burgerlijke staat";"2019";102579
"Mannen";"72 jaar";"Ongehuwd";"2019";6407
"Mannen";"72 jaar";"Gehuwd";"2019";77800
"Mannen";"72 jaar";"Verweduwd";"2019";7783
"Mannen";"72 jaar";"Gescheiden";"2019";10589
"Mannen";"73 jaar";"Totaal burgerlijke staat";"2019";71239
"Mannen";"73 jaar";"Ongehuwd";"2019";4041
"Mannen";"73 jaar";"Gehuwd";"2019";54325
"Mannen";"73 jaar";"Verweduwd";"2019";5978
"Mannen";"73 jaar";"Gescheiden";"2019";6895
"Mannen";"74 jaar";"Totaal burgerlijke staat";"2019";72654
"Mannen";"74 jaar";"Ongehuwd";"2019";3856
"Mannen";"74 jaar";"Gehuwd";"2019";55235
"Mannen";"74 jaar";"Verweduwd";"2019";6714
"Mannen";"74 jaar";"Gescheiden";"2019";6849
"Mannen";"75 jaar";"Totaal burgerlijke staat";"2019";67222
"Mannen";"75 jaar";"Ongehuwd";"2019";3314
"Mannen";"75 jaar";"Gehuwd";"2019";51124
"Mannen";"75 jaar";"Verweduwd";"2019";6787
"Mannen";"75 jaar";"Gescheiden";"2019";5997
"Mannen";"76 jaar";"Totaal burgerlijke staat";"2019";60011
"Mannen";"76 jaar";"Ongehuwd";"2019";2964
"Mannen";"76 jaar";"Gehuwd";"2019";45299
"Mannen";"76 jaar";"Verweduwd";"2019";6564
"Mannen";"76 jaar";"Gescheiden";"2019";5184
"Mannen";"77 jaar";"Totaal burgerlijke staat";"2019";54990
"Mannen";"77 jaar";"Ongehuwd";"2019";2591
"Mannen";"77 jaar";"Gehuwd";"2019";41109
"Mannen";"77 jaar";"Verweduwd";"2019";6574
"Mannen";"77 jaar";"Gescheiden";"2019";4716
"Mannen";"78 jaar";"Totaal burgerlijke staat";"2019";53804
"Mannen";"78 jaar";"Ongehuwd";"2019";2568
"Mannen";"78 jaar";"Gehuwd";"2019";39926
"Mannen";"78 jaar";"Verweduwd";"2019";6871
"Mannen";"78 jaar";"Gescheiden";"2019";4439
"Mannen";"79 jaar";"Totaal burgerlijke staat";"2019";48893
"Mannen";"79 jaar";"Ongehuwd";"2019";2312
"Mannen";"79 jaar";"Gehuwd";"2019";35803
"Mannen";"79 jaar";"Verweduwd";"2019";6921
"Mannen";"79 jaar";"Gescheiden";"2019";3857
"Mannen";"80 jaar";"Totaal burgerlijke staat";"2019";45279
"Mannen";"80 jaar";"Ongehuwd";"2019";2035
"Mannen";"80 jaar";"Gehuwd";"2019";32797
"Mannen";"80 jaar";"Verweduwd";"2019";6988
"Mannen";"80 jaar";"Gescheiden";"2019";3459
"Mannen";"81 jaar";"Totaal burgerlijke staat";"2019";39418
"Mannen";"81 jaar";"Ongehuwd";"2019";1888
"Mannen";"81 jaar";"Gehuwd";"2019";28145
"Mannen";"81 jaar";"Verweduwd";"2019";6744
"Mannen";"81 jaar";"Gescheiden";"2019";2641
"Mannen";"82 jaar";"Totaal burgerlijke staat";"2019";36003
"Mannen";"82 jaar";"Ongehuwd";"2019";1636
"Mannen";"82 jaar";"Gehuwd";"2019";25209
"Mannen";"82 jaar";"Verweduwd";"2019";6828
"Mannen";"82 jaar";"Gescheiden";"2019";2330
"Mannen";"83 jaar";"Totaal burgerlijke staat";"2019";32090
"Mannen";"83 jaar";"Ongehuwd";"2019";1463
"Mannen";"83 jaar";"Gehuwd";"2019";21856
"Mannen";"83 jaar";"Verweduwd";"2019";6803
"Mannen";"83 jaar";"Gescheiden";"2019";1968
"Mannen";"84 jaar";"Totaal burgerlijke staat";"2019";28364
"Mannen";"84 jaar";"Ongehuwd";"2019";1186
"Mannen";"84 jaar";"Gehuwd";"2019";18970
"Mannen";"84 jaar";"Verweduwd";"2019";6603
"Mannen";"84 jaar";"Gescheiden";"2019";1605
"Mannen";"85 jaar";"Totaal burgerlijke staat";"2019";24436
"Mannen";"85 jaar";"Ongehuwd";"2019";1024
"Mannen";"85 jaar";"Gehuwd";"2019";15656
"Mannen";"85 jaar";"Verweduwd";"2019";6483
"Mannen";"85 jaar";"Gescheiden";"2019";1273
"Mannen";"86 jaar";"Totaal burgerlijke staat";"2019";21614
"Mannen";"86 jaar";"Ongehuwd";"2019";904
"Mannen";"86 jaar";"Gehuwd";"2019";13439
"Mannen";"86 jaar";"Verweduwd";"2019";6203
"Mannen";"86 jaar";"Gescheiden";"2019";1068
"Mannen";"87 jaar";"Totaal burgerlijke staat";"2019";18279
"Mannen";"87 jaar";"Ongehuwd";"2019";789
"Mannen";"87 jaar";"Gehuwd";"2019";10877
"Mannen";"87 jaar";"Verweduwd";"2019";5790
"Mannen";"87 jaar";"Gescheiden";"2019";823
"Mannen";"88 jaar";"Totaal burgerlijke staat";"2019";15270
"Mannen";"88 jaar";"Ongehuwd";"2019";691
"Mannen";"88 jaar";"Gehuwd";"2019";8444
"Mannen";"88 jaar";"Verweduwd";"2019";5439
"Mannen";"88 jaar";"Gescheiden";"2019";696
"Mannen";"89 jaar";"Totaal burgerlijke staat";"2019";11959
"Mannen";"89 jaar";"Ongehuwd";"2019";451
"Mannen";"89 jaar";"Gehuwd";"2019";6360
"Mannen";"89 jaar";"Verweduwd";"2019";4632
"Mannen";"89 jaar";"Gescheiden";"2019";516
"Mannen";"90 jaar";"Totaal burgerlijke staat";"2019";9545
"Mannen";"90 jaar";"Ongehuwd";"2019";398
"Mannen";"90 jaar";"Gehuwd";"2019";4673
"Mannen";"90 jaar";"Verweduwd";"2019";4108
"Mannen";"90 jaar";"Gescheiden";"2019";366
"Mannen";"91 jaar";"Totaal burgerlijke staat";"2019";7374
"Mannen";"91 jaar";"Ongehuwd";"2019";274
"Mannen";"91 jaar";"Gehuwd";"2019";3383
"Mannen";"91 jaar";"Verweduwd";"2019";3464
"Mannen";"91 jaar";"Gescheiden";"2019";253
"Mannen";"92 jaar";"Totaal burgerlijke staat";"2019";5724
"Mannen";"92 jaar";"Ongehuwd";"2019";212
"Mannen";"92 jaar";"Gehuwd";"2019";2380
"Mannen";"92 jaar";"Verweduwd";"2019";2929
"Mannen";"92 jaar";"Gescheiden";"2019";203
"Mannen";"93 jaar";"Totaal burgerlijke staat";"2019";4129
"Mannen";"93 jaar";"Ongehuwd";"2019";154
"Mannen";"93 jaar";"Gehuwd";"2019";1582
"Mannen";"93 jaar";"Verweduwd";"2019";2261
"Mannen";"93 jaar";"Gescheiden";"2019";132
"Mannen";"94 jaar";"Totaal burgerlijke staat";"2019";2901
"Mannen";"94 jaar";"Ongehuwd";"2019";95
"Mannen";"94 jaar";"Gehuwd";"2019";975
"Mannen";"94 jaar";"Verweduwd";"2019";1761
"Mannen";"94 jaar";"Gescheiden";"2019";70
"Mannen";"95 jaar";"Totaal burgerlijke staat";"2019";2166
"Mannen";"95 jaar";"Ongehuwd";"2019";76
"Mannen";"95 jaar";"Gehuwd";"2019";680
"Mannen";"95 jaar";"Verweduwd";"2019";1349
"Mannen";"95 jaar";"Gescheiden";"2019";61
"Mannen";"96 jaar";"Totaal burgerlijke staat";"2019";1333
"Mannen";"96 jaar";"Ongehuwd";"2019";44
"Mannen";"96 jaar";"Gehuwd";"2019";317
"Mannen";"96 jaar";"Verweduwd";"2019";930
"Mannen";"96 jaar";"Gescheiden";"2019";42
"Mannen";"97 jaar";"Totaal burgerlijke staat";"2019";857
"Mannen";"97 jaar";"Ongehuwd";"2019";34
"Mannen";"97 jaar";"Gehuwd";"2019";207
"Mannen";"97 jaar";"Verweduwd";"2019";593
"Mannen";"97 jaar";"Gescheiden";"2019";23
"Mannen";"98 jaar";"Totaal burgerlijke staat";"2019";565
"Mannen";"98 jaar";"Ongehuwd";"2019";16
"Mannen";"98 jaar";"Gehuwd";"2019";121
"Mannen";"98 jaar";"Verweduwd";"2019";411
"Mannen";"98 jaar";"Gescheiden";"2019";17
"Mannen";"99 jaar";"Totaal burgerlijke staat";"2019";662
"Mannen";"99 jaar";"Ongehuwd";"2019";29
"Mannen";"99 jaar";"Gehuwd";"2019";101
"Mannen";"99 jaar";"Verweduwd";"2019";508
"Mannen";"99 jaar";"Gescheiden";"2019";24
"Vrouwen";"0 jaar";"Totaal burgerlijke staat";"2019";82270
"Vrouwen";"0 jaar";"Ongehuwd";"2019";82270
"Vrouwen";"0 jaar";"Gehuwd";"2019";
"Vrouwen";"0 jaar";"Verweduwd";"2019";
"Vrouwen";"0 jaar";"Gescheiden";"2019";
"Vrouwen";"1 jaar";"Totaal burgerlijke staat";"2019";83170
"Vrouwen";"1 jaar";"Ongehuwd";"2019";83170
"Vrouwen";"1 jaar";"Gehuwd";"2019";
"Vrouwen";"1 jaar";"Verweduwd";"2019";
"Vrouwen";"1 jaar";"Gescheiden";"2019";
"Vrouwen";"2 jaar";"Totaal burgerlijke staat";"2019";84851
"Vrouwen";"2 jaar";"Ongehuwd";"2019";84851
"Vrouwen";"2 jaar";"Gehuwd";"2019";
"Vrouwen";"2 jaar";"Verweduwd";"2019";
"Vrouwen";"2 jaar";"Gescheiden";"2019";
"Vrouwen";"3 jaar";"Totaal burgerlijke staat";"2019";84620
"Vrouwen";"3 jaar";"Ongehuwd";"2019";84620
"Vrouwen";"3 jaar";"Gehuwd";"2019";
"Vrouwen";"3 jaar";"Verweduwd";"2019";
"Vrouwen";"3 jaar";"Gescheiden";"2019";
"Vrouwen";"4 jaar";"Totaal burgerlijke staat";"2019";87493
"Vrouwen";"4 jaar";"Ongehuwd";"2019";87493
"Vrouwen";"4 jaar";"Gehuwd";"2019";
"Vrouwen";"4 jaar";"Verweduwd";"2019";
"Vrouwen";"4 jaar";"Gescheiden";"2019";
"Vrouwen";"5 jaar";"Totaal burgerlijke staat";"2019";85223
"Vrouwen";"5 jaar";"Ongehuwd";"2019";85223
"Vrouwen";"5 jaar";"Gehuwd";"2019";
"Vrouwen";"5 jaar";"Verweduwd";"2019";
"Vrouwen";"5 jaar";"Gescheiden";"2019";
"Vrouwen";"6 jaar";"Totaal burgerlijke staat";"2019";87766
"Vrouwen";"6 jaar";"Ongehuwd";"2019";87766
"Vrouwen";"6 jaar";"Gehuwd";"2019";
"Vrouwen";"6 jaar";"Verweduwd";"2019";
"Vrouwen";"6 jaar";"Gescheiden";"2019";
"Vrouwen";"7 jaar";"Totaal burgerlijke staat";"2019";89450
"Vrouwen";"7 jaar";"Ongehuwd";"2019";89450
"Vrouwen";"7 jaar";"Gehuwd";"2019";
"Vrouwen";"7 jaar";"Verweduwd";"2019";
"Vrouwen";"7 jaar";"Gescheiden";"2019";
"Vrouwen";"8 jaar";"Totaal burgerlijke staat";"2019";92382
"Vrouwen";"8 jaar";"Ongehuwd";"2019";92382
"Vrouwen";"8 jaar";"Gehuwd";"2019";
"Vrouwen";"8 jaar";"Verweduwd";"2019";
"Vrouwen";"8 jaar";"Gescheiden";"2019";
"Vrouwen";"9 jaar";"Totaal burgerlijke staat";"2019";92388
"Vrouwen";"9 jaar";"Ongehuwd";"2019";92388
"Vrouwen";"9 jaar";"Gehuwd";"2019";
"Vrouwen";"9 jaar";"Verweduwd";"2019";
"Vrouwen";"9 jaar";"Gescheiden";"2019";
"Vrouwen";"10 jaar";"Totaal burgerlijke staat";"2019";92558
"Vrouwen";"10 jaar";"Ongehuwd";"2019";92558
"Vrouwen";"10 jaar";"Gehuwd";"2019";
"Vrouwen";"10 jaar";"Verweduwd";"2019";
"Vrouwen";"10 jaar";"Gescheiden";"2019";
"Vrouwen";"11 jaar";"Totaal burgerlijke staat";"2019";91341
"Vrouwen";"11 jaar";"Ongehuwd";"2019";91341
"Vrouwen";"11 jaar";"Gehuwd";"2019";
"Vrouwen";"11 jaar";"Verweduwd";"2019";
"Vrouwen";"11 jaar";"Gescheiden";"2019";
"Vrouwen";"12 jaar";"Totaal burgerlijke staat";"2019";92526
"Vrouwen";"12 jaar";"Ongehuwd";"2019";92526
"Vrouwen";"12 jaar";"Gehuwd";"2019";
"Vrouwen";"12 jaar";"Verweduwd";"2019";
"Vrouwen";"12 jaar";"Gescheiden";"2019";
"Vrouwen";"13 jaar";"Totaal burgerlijke staat";"2019";93660
"Vrouwen";"13 jaar";"Ongehuwd";"2019";93660
"Vrouwen";"13 jaar";"Gehuwd";"2019";
"Vrouwen";"13 jaar";"Verweduwd";"2019";
"Vrouwen";"13 jaar";"Gescheiden";"2019";
"Vrouwen";"14 jaar";"Totaal burgerlijke staat";"2019";96699
"Vrouwen";"14 jaar";"Ongehuwd";"2019";96699
"Vrouwen";"14 jaar";"Gehuwd";"2019";
"Vrouwen";"14 jaar";"Verweduwd";"2019";
"Vrouwen";"14 jaar";"Gescheiden";"2019";
"Vrouwen";"15 jaar";"Totaal burgerlijke staat";"2019";99652
"Vrouwen";"15 jaar";"Ongehuwd";"2019";99652
"Vrouwen";"15 jaar";"Gehuwd";"2019";0
"Vrouwen";"15 jaar";"Verweduwd";"2019";0
"Vrouwen";"15 jaar";"Gescheiden";"2019";0
"Vrouwen";"16 jaar";"Totaal burgerlijke staat";"2019";100355
"Vrouwen";"16 jaar";"Ongehuwd";"2019";100355
"Vrouwen";"16 jaar";"Gehuwd";"2019";0
"Vrouwen";"16 jaar";"Verweduwd";"2019";0
"Vrouwen";"16 jaar";"Gescheiden";"2019";0
"Vrouwen";"17 jaar";"Totaal burgerlijke staat";"2019";101393
"Vrouwen";"17 jaar";"Ongehuwd";"2019";101393
"Vrouwen";"17 jaar";"Gehuwd";"2019";0
"Vrouwen";"17 jaar";"Verweduwd";"2019";0
"Vrouwen";"17 jaar";"Gescheiden";"2019";0
"Vrouwen";"18 jaar";"Totaal burgerlijke staat";"2019";106032
"Vrouwen";"18 jaar";"Ongehuwd";"2019";105930
"Vrouwen";"18 jaar";"Gehuwd";"2019";100
"Vrouwen";"18 jaar";"Verweduwd";"2019";0
"Vrouwen";"18 jaar";"Gescheiden";"2019";2
"Vrouwen";"19 jaar";"Totaal burgerlijke staat";"2019";106283
"Vrouwen";"19 jaar";"Ongehuwd";"2019";105877
"Vrouwen";"19 jaar";"Gehuwd";"2019";398
"Vrouwen";"19 jaar";"Verweduwd";"2019";0
"Vrouwen";"19 jaar";"Gescheiden";"2019";8
"Vrouwen";"20 jaar";"Totaal burgerlijke staat";"2019";107143
"Vrouwen";"20 jaar";"Ongehuwd";"2019";106061
"Vrouwen";"20 jaar";"Gehuwd";"2019";1044
"Vrouwen";"20 jaar";"Verweduwd";"2019";2
"Vrouwen";"20 jaar";"Gescheiden";"2019";36
"Vrouwen";"21 jaar";"Totaal burgerlijke staat";"2019";105340
"Vrouwen";"21 jaar";"Ongehuwd";"2019";103036
"Vrouwen";"21 jaar";"Gehuwd";"2019";2228
"Vrouwen";"21 jaar";"Verweduwd";"2019";3
"Vrouwen";"21 jaar";"Gescheiden";"2019";73
"Vrouwen";"22 jaar";"Totaal burgerlijke staat";"2019";104417
"Vrouwen";"22 jaar";"Ongehuwd";"2019";100062
"Vrouwen";"22 jaar";"Gehuwd";"2019";4198
"Vrouwen";"22 jaar";"Verweduwd";"2019";6
"Vrouwen";"22 jaar";"Gescheiden";"2019";151
"Vrouwen";"23 jaar";"Totaal burgerlijke staat";"2019";105833
"Vrouwen";"23 jaar";"Ongehuwd";"2019";98848
"Vrouwen";"23 jaar";"Gehuwd";"2019";6685
"Vrouwen";"23 jaar";"Verweduwd";"2019";6
"Vrouwen";"23 jaar";"Gescheiden";"2019";294
"Vrouwen";"24 jaar";"Totaal burgerlijke staat";"2019";108910
"Vrouwen";"24 jaar";"Ongehuwd";"2019";98403
"Vrouwen";"24 jaar";"Gehuwd";"2019";9994
"Vrouwen";"24 jaar";"Verweduwd";"2019";11
"Vrouwen";"24 jaar";"Gescheiden";"2019";502
"Vrouwen";"25 jaar";"Totaal burgerlijke staat";"2019";109076
"Vrouwen";"25 jaar";"Ongehuwd";"2019";94412
"Vrouwen";"25 jaar";"Gehuwd";"2019";13939
"Vrouwen";"25 jaar";"Verweduwd";"2019";18
"Vrouwen";"25 jaar";"Gescheiden";"2019";707
"Vrouwen";"26 jaar";"Totaal burgerlijke staat";"2019";110115
"Vrouwen";"26 jaar";"Ongehuwd";"2019";90507
"Vrouwen";"26 jaar";"Gehuwd";"2019";18447
"Vrouwen";"26 jaar";"Verweduwd";"2019";29
"Vrouwen";"26 jaar";"Gescheiden";"2019";1132
"Vrouwen";"27 jaar";"Totaal burgerlijke staat";"2019";111930
"Vrouwen";"27 jaar";"Ongehuwd";"2019";86624
"Vrouwen";"27 jaar";"Gehuwd";"2019";23678
"Vrouwen";"27 jaar";"Verweduwd";"2019";29
"Vrouwen";"27 jaar";"Gescheiden";"2019";1599
"Vrouwen";"28 jaar";"Totaal burgerlijke staat";"2019";112261
"Vrouwen";"28 jaar";"Ongehuwd";"2019";80630
"Vrouwen";"28 jaar";"Gehuwd";"2019";29464
"Vrouwen";"28 jaar";"Verweduwd";"2019";45
"Vrouwen";"28 jaar";"Gescheiden";"2019";2122
"Vrouwen";"29 jaar";"Totaal burgerlijke staat";"2019";109410
"Vrouwen";"29 jaar";"Ongehuwd";"2019";72621
"Vrouwen";"29 jaar";"Gehuwd";"2019";34105
"Vrouwen";"29 jaar";"Verweduwd";"2019";44
"Vrouwen";"29 jaar";"Gescheiden";"2019";2640
"Vrouwen";"30 jaar";"Totaal burgerlijke staat";"2019";108154
"Vrouwen";"30 jaar";"Ongehuwd";"2019";66478
"Vrouwen";"30 jaar";"Gehuwd";"2019";38387
"Vrouwen";"30 jaar";"Verweduwd";"2019";72
"Vrouwen";"30 jaar";"Gescheiden";"2019";3217
"Vrouwen";"31 jaar";"Totaal burgerlijke staat";"2019";107756
"Vrouwen";"31 jaar";"Ongehuwd";"2019";61305
"Vrouwen";"31 jaar";"Gehuwd";"2019";42460
"Vrouwen";"31 jaar";"Verweduwd";"2019";88
"Vrouwen";"31 jaar";"Gescheiden";"2019";3903
"Vrouwen";"32 jaar";"Totaal burgerlijke staat";"2019";108164
"Vrouwen";"32 jaar";"Ongehuwd";"2019";57191
"Vrouwen";"32 jaar";"Gehuwd";"2019";46165
"Vrouwen";"32 jaar";"Verweduwd";"2019";124
"Vrouwen";"32 jaar";"Gescheiden";"2019";4684
"Vrouwen";"33 jaar";"Totaal burgerlijke staat";"2019";105682
"Vrouwen";"33 jaar";"Ongehuwd";"2019";52411
"Vrouwen";"33 jaar";"Gehuwd";"2019";47847
"Vrouwen";"33 jaar";"Verweduwd";"2019";141
"Vrouwen";"33 jaar";"Gescheiden";"2019";5283
"Vrouwen";"34 jaar";"Totaal burgerlijke staat";"2019";103775
"Vrouwen";"34 jaar";"Ongehuwd";"2019";48465
"Vrouwen";"34 jaar";"Gehuwd";"2019";49233
"Vrouwen";"34 jaar";"Verweduwd";"2019";137
"Vrouwen";"34 jaar";"Gescheiden";"2019";5940
"Vrouwen";"35 jaar";"Totaal burgerlijke staat";"2019";101374
"Vrouwen";"35 jaar";"Ongehuwd";"2019";44787
"Vrouwen";"35 jaar";"Gehuwd";"2019";49751
"Vrouwen";"35 jaar";"Verweduwd";"2019";196
"Vrouwen";"35 jaar";"Gescheiden";"2019";6640
"Vrouwen";"36 jaar";"Totaal burgerlijke staat";"2019";101559
"Vrouwen";"36 jaar";"Ongehuwd";"2019";42544
"Vrouwen";"36 jaar";"Gehuwd";"2019";51594
"Vrouwen";"36 jaar";"Verweduwd";"2019";212
"Vrouwen";"36 jaar";"Gescheiden";"2019";7209
"Vrouwen";"37 jaar";"Totaal burgerlijke staat";"2019";104181
"Vrouwen";"37 jaar";"Ongehuwd";"2019";41486
"Vrouwen";"37 jaar";"Gehuwd";"2019";54406
"Vrouwen";"37 jaar";"Verweduwd";"2019";257
"Vrouwen";"37 jaar";"Gescheiden";"2019";8032
"Vrouwen";"38 jaar";"Totaal burgerlijke staat";"2019";105319
"Vrouwen";"38 jaar";"Ongehuwd";"2019";40087
"Vrouwen";"38 jaar";"Gehuwd";"2019";55847
"Vrouwen";"38 jaar";"Verweduwd";"2019";315
"Vrouwen";"38 jaar";"Gescheiden";"2019";9070
"Vrouwen";"39 jaar";"Totaal burgerlijke staat";"2019";102125
"Vrouwen";"39 jaar";"Ongehuwd";"2019";37183
"Vrouwen";"39 jaar";"Gehuwd";"2019";55028
"Vrouwen";"39 jaar";"Verweduwd";"2019";362
"Vrouwen";"39 jaar";"Gescheiden";"2019";9552
"Vrouwen";"40 jaar";"Totaal burgerlijke staat";"2019";102294
"Vrouwen";"40 jaar";"Ongehuwd";"2019";35859
"Vrouwen";"40 jaar";"Gehuwd";"2019";55536
"Vrouwen";"40 jaar";"Verweduwd";"2019";444
"Vrouwen";"40 jaar";"Gescheiden";"2019";10455
"Vrouwen";"41 jaar";"Totaal burgerlijke staat";"2019";101063
"Vrouwen";"41 jaar";"Ongehuwd";"2019";33438
"Vrouwen";"41 jaar";"Gehuwd";"2019";56009
"Vrouwen";"41 jaar";"Verweduwd";"2019";408
"Vrouwen";"41 jaar";"Gescheiden";"2019";11208
"Vrouwen";"42 jaar";"Totaal burgerlijke staat";"2019";101442
"Vrouwen";"42 jaar";"Ongehuwd";"2019";32250
"Vrouwen";"42 jaar";"Gehuwd";"2019";56775
"Vrouwen";"42 jaar";"Verweduwd";"2019";557
"Vrouwen";"42 jaar";"Gescheiden";"2019";11860
"Vrouwen";"43 jaar";"Totaal burgerlijke staat";"2019";102780
"Vrouwen";"43 jaar";"Ongehuwd";"2019";30972
"Vrouwen";"43 jaar";"Gehuwd";"2019";57962
"Vrouwen";"43 jaar";"Verweduwd";"2019";689
"Vrouwen";"43 jaar";"Gescheiden";"2019";13157
"Vrouwen";"44 jaar";"Totaal burgerlijke staat";"2019";107349
"Vrouwen";"44 jaar";"Ongehuwd";"2019";30722
"Vrouwen";"44 jaar";"Gehuwd";"2019";61118
"Vrouwen";"44 jaar";"Verweduwd";"2019";768
"Vrouwen";"44 jaar";"Gescheiden";"2019";14741
"Vrouwen";"45 jaar";"Totaal burgerlijke staat";"2019";111095
"Vrouwen";"45 jaar";"Ongehuwd";"2019";30373
"Vrouwen";"45 jaar";"Gehuwd";"2019";63660
"Vrouwen";"45 jaar";"Verweduwd";"2019";878
"Vrouwen";"45 jaar";"Gescheiden";"2019";16184
"Vrouwen";"46 jaar";"Totaal burgerlijke staat";"2019";120235
"Vrouwen";"46 jaar";"Ongehuwd";"2019";31310
"Vrouwen";"46 jaar";"Gehuwd";"2019";69214
"Vrouwen";"46 jaar";"Verweduwd";"2019";1014
"Vrouwen";"46 jaar";"Gescheiden";"2019";18697
"Vrouwen";"47 jaar";"Totaal burgerlijke staat";"2019";125015
"Vrouwen";"47 jaar";"Ongehuwd";"2019";30876
"Vrouwen";"47 jaar";"Gehuwd";"2019";72488
"Vrouwen";"47 jaar";"Verweduwd";"2019";1238
"Vrouwen";"47 jaar";"Gescheiden";"2019";20413
"Vrouwen";"48 jaar";"Totaal burgerlijke staat";"2019";130281
"Vrouwen";"48 jaar";"Ongehuwd";"2019";30077
"Vrouwen";"48 jaar";"Gehuwd";"2019";76613
"Vrouwen";"48 jaar";"Verweduwd";"2019";1410
"Vrouwen";"48 jaar";"Gescheiden";"2019";22181
"Vrouwen";"49 jaar";"Totaal burgerlijke staat";"2019";132553
"Vrouwen";"49 jaar";"Ongehuwd";"2019";28638
"Vrouwen";"49 jaar";"Gehuwd";"2019";78845
"Vrouwen";"49 jaar";"Verweduwd";"2019";1736
"Vrouwen";"49 jaar";"Gescheiden";"2019";23334
"Vrouwen";"50 jaar";"Totaal burgerlijke staat";"2019";127180
"Vrouwen";"50 jaar";"Ongehuwd";"2019";25528
"Vrouwen";"50 jaar";"Gehuwd";"2019";76899
"Vrouwen";"50 jaar";"Verweduwd";"2019";1754
"Vrouwen";"50 jaar";"Gescheiden";"2019";22999
"Vrouwen";"51 jaar";"Totaal burgerlijke staat";"2019";125233
"Vrouwen";"51 jaar";"Ongehuwd";"2019";23615
"Vrouwen";"51 jaar";"Gehuwd";"2019";76418
"Vrouwen";"51 jaar";"Verweduwd";"2019";1992
"Vrouwen";"51 jaar";"Gescheiden";"2019";23208
"Vrouwen";"52 jaar";"Totaal burgerlijke staat";"2019";125869
"Vrouwen";"52 jaar";"Ongehuwd";"2019";22191
"Vrouwen";"52 jaar";"Gehuwd";"2019";78165
"Vrouwen";"52 jaar";"Verweduwd";"2019";2370
"Vrouwen";"52 jaar";"Gescheiden";"2019";23143
"Vrouwen";"53 jaar";"Totaal burgerlijke staat";"2019";127121
"Vrouwen";"53 jaar";"Ongehuwd";"2019";20970
"Vrouwen";"53 jaar";"Gehuwd";"2019";79272
"Vrouwen";"53 jaar";"Verweduwd";"2019";2668
"Vrouwen";"53 jaar";"Gescheiden";"2019";24211
"Vrouwen";"54 jaar";"Totaal burgerlijke staat";"2019";129466
"Vrouwen";"54 jaar";"Ongehuwd";"2019";20121
"Vrouwen";"54 jaar";"Gehuwd";"2019";81644
"Vrouwen";"54 jaar";"Verweduwd";"2019";3204
"Vrouwen";"54 jaar";"Gescheiden";"2019";24497
"Vrouwen";"55 jaar";"Totaal burgerlijke staat";"2019";127174
"Vrouwen";"55 jaar";"Ongehuwd";"2019";18942
"Vrouwen";"55 jaar";"Gehuwd";"2019";80994
"Vrouwen";"55 jaar";"Verweduwd";"2019";3497
"Vrouwen";"55 jaar";"Gescheiden";"2019";23741
"Vrouwen";"56 jaar";"Totaal burgerlijke staat";"2019";125128
"Vrouwen";"56 jaar";"Ongehuwd";"2019";17501
"Vrouwen";"56 jaar";"Gehuwd";"2019";80360
"Vrouwen";"56 jaar";"Verweduwd";"2019";3966
"Vrouwen";"56 jaar";"Gescheiden";"2019";23301
"Vrouwen";"57 jaar";"Totaal burgerlijke staat";"2019";123747
"Vrouwen";"57 jaar";"Ongehuwd";"2019";16270
"Vrouwen";"57 jaar";"Gehuwd";"2019";80341
"Vrouwen";"57 jaar";"Verweduwd";"2019";4487
"Vrouwen";"57 jaar";"Gescheiden";"2019";22649
"Vrouwen";"58 jaar";"Totaal burgerlijke staat";"2019";120125
"Vrouwen";"58 jaar";"Ongehuwd";"2019";15289
"Vrouwen";"58 jaar";"Gehuwd";"2019";78608
"Vrouwen";"58 jaar";"Verweduwd";"2019";4954
"Vrouwen";"58 jaar";"Gescheiden";"2019";21274
"Vrouwen";"59 jaar";"Totaal burgerlijke staat";"2019";118757
"Vrouwen";"59 jaar";"Ongehuwd";"2019";14087
"Vrouwen";"59 jaar";"Gehuwd";"2019";78372
"Vrouwen";"59 jaar";"Verweduwd";"2019";5605
"Vrouwen";"59 jaar";"Gescheiden";"2019";20693
"Vrouwen";"60 jaar";"Totaal burgerlijke staat";"2019";115238
"Vrouwen";"60 jaar";"Ongehuwd";"2019";12829
"Vrouwen";"60 jaar";"Gehuwd";"2019";76414
"Vrouwen";"60 jaar";"Verweduwd";"2019";6289
"Vrouwen";"60 jaar";"Gescheiden";"2019";19706
"Vrouwen";"61 jaar";"Totaal burgerlijke staat";"2019";112724
"Vrouwen";"61 jaar";"Ongehuwd";"2019";11759
"Vrouwen";"61 jaar";"Gehuwd";"2019";75267
"Vrouwen";"61 jaar";"Verweduwd";"2019";6568
"Vrouwen";"61 jaar";"Gescheiden";"2019";19130
"Vrouwen";"62 jaar";"Totaal burgerlijke staat";"2019";110126
"Vrouwen";"62 jaar";"Ongehuwd";"2019";10675
"Vrouwen";"62 jaar";"Gehuwd";"2019";73634
"Vrouwen";"62 jaar";"Verweduwd";"2019";7639
"Vrouwen";"62 jaar";"Gescheiden";"2019";18178
"Vrouwen";"63 jaar";"Totaal burgerlijke staat";"2019";107723
"Vrouwen";"63 jaar";"Ongehuwd";"2019";9719
"Vrouwen";"63 jaar";"Gehuwd";"2019";72157
"Vrouwen";"63 jaar";"Verweduwd";"2019";8294
"Vrouwen";"63 jaar";"Gescheiden";"2019";17553
"Vrouwen";"64 jaar";"Totaal burgerlijke staat";"2019";105029
"Vrouwen";"64 jaar";"Ongehuwd";"2019";8787
"Vrouwen";"64 jaar";"Gehuwd";"2019";70448
"Vrouwen";"64 jaar";"Verweduwd";"2019";8969
"Vrouwen";"64 jaar";"Gescheiden";"2019";16825
"Vrouwen";"65 jaar";"Totaal burgerlijke staat";"2019";103000
"Vrouwen";"65 jaar";"Ongehuwd";"2019";7952
"Vrouwen";"65 jaar";"Gehuwd";"2019";68713
"Vrouwen";"65 jaar";"Verweduwd";"2019";10124
"Vrouwen";"65 jaar";"Gescheiden";"2019";16211
"Vrouwen";"66 jaar";"Totaal burgerlijke staat";"2019";102706
"Vrouwen";"66 jaar";"Ongehuwd";"2019";7506
"Vrouwen";"66 jaar";"Gehuwd";"2019";68558
"Vrouwen";"66 jaar";"Verweduwd";"2019";10952
"Vrouwen";"66 jaar";"Gescheiden";"2019";15690
"Vrouwen";"67 jaar";"Totaal burgerlijke staat";"2019";98136
"Vrouwen";"67 jaar";"Ongehuwd";"2019";6707
"Vrouwen";"67 jaar";"Gehuwd";"2019";65138
"Vrouwen";"67 jaar";"Verweduwd";"2019";11391
"Vrouwen";"67 jaar";"Gescheiden";"2019";14900
"Vrouwen";"68 jaar";"Totaal burgerlijke staat";"2019";98375
"Vrouwen";"68 jaar";"Ongehuwd";"2019";6165
"Vrouwen";"68 jaar";"Gehuwd";"2019";64535
"Vrouwen";"68 jaar";"Verweduwd";"2019";12909
"Vrouwen";"68 jaar";"Gescheiden";"2019";14766
"Vrouwen";"69 jaar";"Totaal burgerlijke staat";"2019";98851
"Vrouwen";"69 jaar";"Ongehuwd";"2019";5796
"Vrouwen";"69 jaar";"Gehuwd";"2019";64142
"Vrouwen";"69 jaar";"Verweduwd";"2019";14563
"Vrouwen";"69 jaar";"Gescheiden";"2019";14350
"Vrouwen";"70 jaar";"Totaal burgerlijke staat";"2019";100645
"Vrouwen";"70 jaar";"Ongehuwd";"2019";5298
"Vrouwen";"70 jaar";"Gehuwd";"2019";65074
"Vrouwen";"70 jaar";"Verweduwd";"2019";16424
"Vrouwen";"70 jaar";"Gescheiden";"2019";13849
"Vrouwen";"71 jaar";"Totaal burgerlijke staat";"2019";105427
"Vrouwen";"71 jaar";"Ongehuwd";"2019";5185
"Vrouwen";"71 jaar";"Gehuwd";"2019";66590
"Vrouwen";"71 jaar";"Verweduwd";"2019";19209
"Vrouwen";"71 jaar";"Gescheiden";"2019";14443
"Vrouwen";"72 jaar";"Totaal burgerlijke staat";"2019";107292
"Vrouwen";"72 jaar";"Ongehuwd";"2019";5071
"Vrouwen";"72 jaar";"Gehuwd";"2019";66839
"Vrouwen";"72 jaar";"Verweduwd";"2019";21819
"Vrouwen";"72 jaar";"Gescheiden";"2019";13563
"Vrouwen";"73 jaar";"Totaal burgerlijke staat";"2019";76153
"Vrouwen";"73 jaar";"Ongehuwd";"2019";3423
"Vrouwen";"73 jaar";"Gehuwd";"2019";45704
"Vrouwen";"73 jaar";"Verweduwd";"2019";17455
"Vrouwen";"73 jaar";"Gescheiden";"2019";9571
"Vrouwen";"74 jaar";"Totaal burgerlijke staat";"2019";78451
"Vrouwen";"74 jaar";"Ongehuwd";"2019";3325
"Vrouwen";"74 jaar";"Gehuwd";"2019";45634
"Vrouwen";"74 jaar";"Verweduwd";"2019";20091
"Vrouwen";"74 jaar";"Gescheiden";"2019";9401
"Vrouwen";"75 jaar";"Totaal burgerlijke staat";"2019";73244
"Vrouwen";"75 jaar";"Ongehuwd";"2019";3116
"Vrouwen";"75 jaar";"Gehuwd";"2019";40911
"Vrouwen";"75 jaar";"Verweduwd";"2019";20494
"Vrouwen";"75 jaar";"Gescheiden";"2019";8723
"Vrouwen";"76 jaar";"Totaal burgerlijke staat";"2019";66638
"Vrouwen";"76 jaar";"Ongehuwd";"2019";2744
"Vrouwen";"76 jaar";"Gehuwd";"2019";35648
"Vrouwen";"76 jaar";"Verweduwd";"2019";20587
"Vrouwen";"76 jaar";"Gescheiden";"2019";7659
"Vrouwen";"77 jaar";"Totaal burgerlijke staat";"2019";62279
"Vrouwen";"77 jaar";"Ongehuwd";"2019";2555
"Vrouwen";"77 jaar";"Gehuwd";"2019";31800
"Vrouwen";"77 jaar";"Verweduwd";"2019";20983
"Vrouwen";"77 jaar";"Gescheiden";"2019";6941
"Vrouwen";"78 jaar";"Totaal burgerlijke staat";"2019";62513
"Vrouwen";"78 jaar";"Ongehuwd";"2019";2574
"Vrouwen";"78 jaar";"Gehuwd";"2019";30063
"Vrouwen";"78 jaar";"Verweduwd";"2019";23008
"Vrouwen";"78 jaar";"Gescheiden";"2019";6868
"Vrouwen";"79 jaar";"Totaal burgerlijke staat";"2019";59132
"Vrouwen";"79 jaar";"Ongehuwd";"2019";2511
"Vrouwen";"79 jaar";"Gehuwd";"2019";26788
"Vrouwen";"79 jaar";"Verweduwd";"2019";23835
"Vrouwen";"79 jaar";"Gescheiden";"2019";5998
"Vrouwen";"80 jaar";"Totaal burgerlijke staat";"2019";55816
"Vrouwen";"80 jaar";"Ongehuwd";"2019";2337
"Vrouwen";"80 jaar";"Gehuwd";"2019";23374
"Vrouwen";"80 jaar";"Verweduwd";"2019";24707
"Vrouwen";"80 jaar";"Gescheiden";"2019";5398
"Vrouwen";"81 jaar";"Totaal burgerlijke staat";"2019";50593
"Vrouwen";"81 jaar";"Ongehuwd";"2019";2182
"Vrouwen";"81 jaar";"Gehuwd";"2019";19541
"Vrouwen";"81 jaar";"Verweduwd";"2019";24440
"Vrouwen";"81 jaar";"Gescheiden";"2019";4430
"Vrouwen";"82 jaar";"Totaal burgerlijke staat";"2019";48174
"Vrouwen";"82 jaar";"Ongehuwd";"2019";2133
"Vrouwen";"82 jaar";"Gehuwd";"2019";16918
"Vrouwen";"82 jaar";"Verweduwd";"2019";25014
"Vrouwen";"82 jaar";"Gescheiden";"2019";4109
"Vrouwen";"83 jaar";"Totaal burgerlijke staat";"2019";44646
"Vrouwen";"83 jaar";"Ongehuwd";"2019";2129
"Vrouwen";"83 jaar";"Gehuwd";"2019";14046
"Vrouwen";"83 jaar";"Verweduwd";"2019";25016
"Vrouwen";"83 jaar";"Gescheiden";"2019";3455
"Vrouwen";"84 jaar";"Totaal burgerlijke staat";"2019";41731
"Vrouwen";"84 jaar";"Ongehuwd";"2019";1932
"Vrouwen";"84 jaar";"Gehuwd";"2019";11701
"Vrouwen";"84 jaar";"Verweduwd";"2019";24993
"Vrouwen";"84 jaar";"Gescheiden";"2019";3105
"Vrouwen";"85 jaar";"Totaal burgerlijke staat";"2019";38116
"Vrouwen";"85 jaar";"Ongehuwd";"2019";1927
"Vrouwen";"85 jaar";"Gehuwd";"2019";9199
"Vrouwen";"85 jaar";"Verweduwd";"2019";24392
"Vrouwen";"85 jaar";"Gescheiden";"2019";2598
"Vrouwen";"86 jaar";"Totaal burgerlijke staat";"2019";35753
"Vrouwen";"86 jaar";"Ongehuwd";"2019";1916
"Vrouwen";"86 jaar";"Gehuwd";"2019";7563
"Vrouwen";"86 jaar";"Verweduwd";"2019";24029
"Vrouwen";"86 jaar";"Gescheiden";"2019";2245
"Vrouwen";"87 jaar";"Totaal burgerlijke staat";"2019";31810
"Vrouwen";"87 jaar";"Ongehuwd";"2019";1723
"Vrouwen";"87 jaar";"Gehuwd";"2019";5736
"Vrouwen";"87 jaar";"Verweduwd";"2019";22392
"Vrouwen";"87 jaar";"Gescheiden";"2019";1959
"Vrouwen";"88 jaar";"Totaal burgerlijke staat";"2019";28823
"Vrouwen";"88 jaar";"Ongehuwd";"2019";1609
"Vrouwen";"88 jaar";"Gehuwd";"2019";4459
"Vrouwen";"88 jaar";"Verweduwd";"2019";21180
"Vrouwen";"88 jaar";"Gescheiden";"2019";1575
"Vrouwen";"89 jaar";"Totaal burgerlijke staat";"2019";24008
"Vrouwen";"89 jaar";"Ongehuwd";"2019";1394
"Vrouwen";"89 jaar";"Gehuwd";"2019";3040
"Vrouwen";"89 jaar";"Verweduwd";"2019";18301
"Vrouwen";"89 jaar";"Gescheiden";"2019";1273
"Vrouwen";"90 jaar";"Totaal burgerlijke staat";"2019";20806
"Vrouwen";"90 jaar";"Ongehuwd";"2019";1279
"Vrouwen";"90 jaar";"Gehuwd";"2019";2131
"Vrouwen";"90 jaar";"Verweduwd";"2019";16438
"Vrouwen";"90 jaar";"Gescheiden";"2019";958
"Vrouwen";"91 jaar";"Totaal burgerlijke staat";"2019";16730
"Vrouwen";"91 jaar";"Ongehuwd";"2019";1037
"Vrouwen";"91 jaar";"Gehuwd";"2019";1338
"Vrouwen";"91 jaar";"Verweduwd";"2019";13495
"Vrouwen";"91 jaar";"Gescheiden";"2019";860
"Vrouwen";"92 jaar";"Totaal burgerlijke staat";"2019";13967
"Vrouwen";"92 jaar";"Ongehuwd";"2019";964
"Vrouwen";"92 jaar";"Gehuwd";"2019";912
"Vrouwen";"92 jaar";"Verweduwd";"2019";11484
"Vrouwen";"92 jaar";"Gescheiden";"2019";607
"Vrouwen";"93 jaar";"Totaal burgerlijke staat";"2019";10952
"Vrouwen";"93 jaar";"Ongehuwd";"2019";792
"Vrouwen";"93 jaar";"Gehuwd";"2019";551
"Vrouwen";"93 jaar";"Verweduwd";"2019";9092
"Vrouwen";"93 jaar";"Gescheiden";"2019";517
"Vrouwen";"94 jaar";"Totaal burgerlijke staat";"2019";8835
"Vrouwen";"94 jaar";"Ongehuwd";"2019";617
"Vrouwen";"94 jaar";"Gehuwd";"2019";345
"Vrouwen";"94 jaar";"Verweduwd";"2019";7505
"Vrouwen";"94 jaar";"Gescheiden";"2019";368
"Vrouwen";"95 jaar";"Totaal burgerlijke staat";"2019";6539
"Vrouwen";"95 jaar";"Ongehuwd";"2019";450
"Vrouwen";"95 jaar";"Gehuwd";"2019";199
"Vrouwen";"95 jaar";"Verweduwd";"2019";5576
"Vrouwen";"95 jaar";"Gescheiden";"2019";314
"Vrouwen";"96 jaar";"Totaal burgerlijke staat";"2019";4805
"Vrouwen";"96 jaar";"Ongehuwd";"2019";364
"Vrouwen";"96 jaar";"Gehuwd";"2019";103
"Vrouwen";"96 jaar";"Verweduwd";"2019";4152
"Vrouwen";"96 jaar";"Gescheiden";"2019";186
"Vrouwen";"97 jaar";"Totaal burgerlijke staat";"2019";3302
"Vrouwen";"97 jaar";"Ongehuwd";"2019";226
"Vrouwen";"97 jaar";"Gehuwd";"2019";61
"Vrouwen";"97 jaar";"Verweduwd";"2019";2880
"Vrouwen";"97 jaar";"Gescheiden";"2019";135
"Vrouwen";"98 jaar";"Totaal burgerlijke staat";"2019";2261
"Vrouwen";"98 jaar";"Ongehuwd";"2019";154
"Vrouwen";"98 jaar";"Gehuwd";"2019";27
"Vrouwen";"98 jaar";"Verweduwd";"2019";1982
"Vrouwen";"98 jaar";"Gescheiden";"2019";98
"Vrouwen";"99 jaar";"Totaal burgerlijke staat";"2019";3185
"Vrouwen";"99 jaar";"Ongehuwd";"2019";303
"Vrouwen";"99 jaar";"Gehuwd";"2019";18
"Vrouwen";"99 jaar";"Verweduwd";"2019";2762
"Vrouwen";"99 jaar";"Gescheiden";"2019";102
